time,month,temperature
1,1,2.039
2,2,0.715
3,3,5.424
4,4,8.272
5,5,12.186
6,6,14.585
7,7,15.092
8,8,14.148
9,9,13.322
10,10,8.962
11,11,5.353
12,12,0.559
13,1,1.574
14,2,-1.249
15,3,3.677
16,4,11.61
17,5,11.936
18,6,14.388
19,7,14.681
20,8,13.556
21,9,11.129
22,10,9.582
23,11,6.161
24,12,4.587
25,1,1.067
26,2,-0.108
27,3,3.607
28,4,9.263
29,5,12.881
30,6,15.38
31,7,14.397
32,8,13.515
33,9,11.773
34,10,9.97
35,11,5.958
36,12,2.564
37,1,3.887
38,2,5.666
39,3,4.192
40,4,10.042
41,5,14.164
42,6,14.547
43,7,13.906
44,8,13.437
45,9,12.652
46,10,7.312
47,11,4.225
48,12,2.165
49,1,-0.276
50,2,3.704
51,3,4.529
52,4,8.246
53,5,13.039
54,6,17.115
55,7,17.61
56,8,17.91
57,9,14.852
58,10,6.482
59,11,4.032
60,12,1.021
61,1,-1.503
62,2,0.806
63,3,3.765
64,4,7.21
65,5,9.715
66,6,13.139
67,7,13.847
68,8,11.818
69,9,10.028
70,10,1.894
71,11,6.955
72,12,3.249
73,1,5.014
74,2,4.082
75,3,4.52
76,4,5.983
77,5,10.189
78,6,13.512
79,7,12.526
80,8,14.587
81,9,12.626
82,10,8.267
83,11,4.268
84,12,0.247
85,1,-0.811
86,2,2.436
87,3,1.864
88,4,7.436
89,5,10.661
90,6,11.945
91,7,12.887
92,8,13.917
93,9,11.197
94,10,6.701
95,11,5.436
96,12,2.553
97,1,0.6
98,2,2.735
99,3,5.976
100,4,7.321
101,5,13.451
102,6,16.821
103,7,19.021
104,8,15.331
105,9,12.535
106,10,7.227
107,11,5.089
108,12,-0.837
109,1,6.866
110,2,4.801
111,3,3.528
112,4,9.019
113,5,10.881
114,6,13.499
115,7,14.72
116,8,13.992
117,9,10.326
118,10,6.156
119,11,6.367
120,12,3.123
121,1,1.369
122,2,0.771
123,3,1.576
124,4,7.871
125,5,10.701
126,6,12.271
127,7,16.391
128,8,14.126
129,9,11.378
130,10,5.535
131,11,4.588
132,12,3.384
133,1,1.741
134,2,6.162
135,3,5.521
136,4,7.88
137,5,11.175
138,6,11.723
139,7,12.507
140,8,12.282
141,9,10.696
142,10,10.011
143,11,5.791
144,12,5.315
145,1,3.78
146,2,3.832
147,3,6.859
148,4,9.013
149,5,10.734
150,6,10.833
151,7,13.953
152,8,13.12
153,9,10.993
154,10,7.904
155,11,5.603
156,12,2.399
157,1,-0.793
158,2,4.896
159,3,6.062
160,4,8.007
161,5,11.228
162,6,13.653
163,7,13.555
164,8,13.758
165,9,12.25
166,10,8.465
167,11,7.454
168,12,2.333
169,1,-0.643
170,2,3.932
171,3,7.022
172,4,6.278
173,5,10.193
174,6,14.112
175,7,13.361
176,8,14.597
177,9,11.675
178,10,9.027
179,11,7.915
180,12,1.189
181,1,-2.08
182,2,0.506
183,3,2.446
184,4,6.92
185,5,9.066
186,6,12.49
187,7,13.875
188,8,12.352
189,9,10.824
190,10,7.729
191,11,4.581
192,12,2.667
193,1,2.305
194,2,2.164
195,3,4.57
196,4,8.967
197,5,12.873
198,6,15.142
199,7,14.461
200,8,13.494
201,9,11.25
202,10,5.297
203,11,2.79
204,12,-0.978
205,1,1.974
206,2,4.105
207,3,1.612
208,4,9.788
209,5,9.996
210,6,11.884
211,7,11.621
212,8,11.413
213,9,10.724
214,10,8.661
215,11,5.791
216,12,4.734
217,1,5.101
218,2,-0.274
219,3,2.814
220,4,5.717
221,5,9.626
222,6,14.104
223,7,13.828
224,8,14.204
225,9,11.363
226,10,10.317
227,11,4.916
228,12,2.522
229,1,1.253
230,2,1.478
231,3,3.057
232,4,8.858
233,5,9.531
234,6,12.647
235,7,14.581
236,8,14.098
237,9,10.303
238,10,9.268
239,11,7.736
240,12,5.512
241,1,-0.437
242,2,1.421
243,3,4.422
244,4,9.415
245,5,12.764
246,6,12.811
247,7,14.484
248,8,13.624
249,9,12.488
250,10,9.206
251,11,3.369
252,12,5.091
253,1,-0.325
254,2,4.914
255,3,5.643
256,4,10.153
257,5,16.025
258,6,15.371
259,7,16.521
260,8,14.099
261,9,10.936
262,10,8.59
263,11,3.029
264,12,0.31
265,1,4.261
266,2,6.427
267,3,7.759
268,4,7.952
269,5,11.399
270,6,12.314
271,7,14.719
272,8,14.435
273,9,11.096
274,10,10.372
275,11,8.179
276,12,1.284
277,1,-0.806
278,2,4.825
279,3,4.652
280,4,7.44
281,5,10.475
282,6,14.564
283,7,14.108
284,8,14.837
285,9,10.602
286,10,8.06
287,11,5.87
288,12,5.021
289,1,6.021
290,2,4.919
291,3,5.572
292,4,6.362
293,5,11.389
294,6,12.323
295,7,12.743
296,8,12.815
297,9,11.379
298,10,6.956
299,11,5.529
300,12,3.067
301,1,2.521
302,2,6.094
303,3,4.604
304,4,10.984
305,5,11.286
306,6,11.731
307,7,15.037
308,8,12.869
309,9,13.377
310,10,8.049
311,11,3.854
312,12,2.101
313,1,1.47
314,2,5.14
315,3,6.967
316,4,9.965
317,5,14.18
318,6,12.547
319,7,13.659
320,8,13.799
321,9,12.683
322,10,9.35
323,11,5.77
324,12,2.269
325,1,2.515
326,2,4.08
327,3,5.724
328,4,13.732
329,5,15.757
330,6,14.747
331,7,16.183
332,8,12.947
333,9,8.844
334,10,9.376
335,11,6.706
336,12,2.584
337,1,2.401
338,2,2.267
339,3,4.772
340,4,6.923
341,5,11.102
342,6,11.678
343,7,14.285
344,8,14.141
345,9,10.304
346,10,8.547
347,11,7.523
348,12,3.288
349,1,0.341
350,2,0.639
351,3,2.565
352,4,8.618
353,5,10.99
354,6,13.801
355,7,13.925
356,8,15.683
357,9,12.398
358,10,8.978
359,11,4.956
360,12,1.921
361,1,-1.431
362,2,5.294
363,3,4.799
364,4,8.574
365,5,11.819
366,6,14.34
367,7,13.069
368,8,13.971
369,9,9.958
370,10,7.357
371,11,2.196
372,12,2.224
373,1,2.596
374,2,0.989
375,3,3.919
376,4,8.142
377,5,10.013
378,6,12.803
379,7,14.947
380,8,15.861
381,9,10.266
382,10,6.836
383,11,4.557
384,12,3.415
385,1,0.865
386,2,1.045
387,3,2.289
388,4,6.379
389,5,9.853
390,6,13.744
391,7,14.468
392,8,14.466
393,9,10.497
394,10,7.351
395,11,5.526
396,12,1.873
397,1,0.763
398,2,2.657
399,3,5.648
400,4,9.318
401,5,11.583
402,6,13.035
403,7,15.294
404,8,14.455
405,9,12.158
406,10,7.712
407,11,5.741
408,12,0.734
409,1,2.845
410,2,2.563
411,3,4.698
412,4,7.772
413,5,11.403
414,6,14.369
415,7,13.451
416,8,13.555
417,9,10.357
418,10,7.772
419,11,5.801
420,12,1.796
421,1,0.735
422,2,3.581
423,3,5.336
424,4,8.714
425,5,10.428
426,6,13.808
427,7,16.468
428,8,13.885
429,9,11.699
430,10,9.349
431,11,6.111
432,12,1.252
433,1,3.706
434,2,1.675
435,3,3.989
436,4,7.694
437,5,11.666
438,6,13.507
439,7,15.462
440,8,13.84
441,9,12.018
442,10,7.39
443,11,5.964
444,12,3.099
445,1,2.444
446,2,2.973
447,3,4.582
448,4,6.053
449,5,10.357
450,6,13.746
451,7,13.812
452,8,13.925
453,9,11.233
454,10,8.577
455,11,5.331
456,12,2.755
457,1,1.493
458,2,3.466
459,3,4.79
460,4,9.127
461,5,9.859
462,6,13.231
463,7,13.612
464,8,13.744
465,9,11.677
466,10,8.08
467,11,6.206
468,12,3.526
469,1,0.348
470,2,3.62
471,3,4.429
472,4,7.994
473,5,11.321
474,6,13.581
475,7,14.212
476,8,12.281
477,9,12.491
478,10,8.097
479,11,5.306
480,12,3.388
481,1,0.521
482,2,4.745
483,3,5.042
484,4,8.643
485,5,11.059
486,6,13.146
487,7,14.336
488,8,13.16
489,9,12.002
490,10,8.393
491,11,5.666
492,12,2.037
493,1,3.71
494,2,3.605
495,3,5.696
496,4,9.367
497,5,12.376
498,6,11.994
499,7,12.874
500,8,13.484
501,9,11.896
502,10,9.108
503,11,5.284
504,12,2.918
505,1,2.731
506,2,4.39
507,3,5.709
508,4,8.918
509,5,11.029
510,6,13.293
511,7,14.295
512,8,13.14
513,9,11.133
514,10,7.786
515,11,5.207
516,12,2.573
517,1,2.844
518,2,2.736
519,3,3.477
520,4,7.773
521,5,11.273
522,6,14.216
523,7,14.314
524,8,14.722
525,9,12.012
526,10,8.924
527,11,5.702
528,12,1.259
529,1,4.396
530,2,4.957
531,3,4.056
532,4,6.6
533,5,10.417
534,6,13.852
535,7,14.107
536,8,14.04
537,9,12.459
538,10,9.191
539,11,4.777
540,12,3.275
541,1,2.679
542,2,3.213
543,3,7.008
544,4,8.083
545,5,11.769
546,6,13.246
547,7,14.951
548,8,14.754
549,9,11.627
550,10,8.655
551,11,6.031
552,12,2.027
553,1,1.923
554,2,2.078
555,3,3.986
556,4,8.786
557,5,11.353
558,6,13.68
559,7,14.869
560,8,14.086
561,9,12.311
562,10,9.606
563,11,5.904
564,12,3.487
565,1,2.815
566,2,3.634
567,3,4.452
568,4,9.125
569,5,11.097
570,6,13.606
571,7,13.763
572,8,13.619
573,9,10.795
574,10,9.469
575,11,5.572
576,12,3.864
577,1,2.687
578,2,3.149
579,3,6.455
580,4,7.404
581,5,12.123
582,6,12.536
583,7,14.676
584,8,13.187
585,9,11.462
586,10,9.099
587,11,5.72
588,12,4.578
589,1,3.74
590,2,2.828
591,3,5.201
592,4,7.623
593,5,10.457
594,6,14.471
595,7,14.628
596,8,14.039
597,9,11.788
598,10,9.747
599,11,5.535
600,12,2.881
601,1,0.602
602,2,1.443
603,3,4.875
604,4,9.291
605,5,11.795
606,6,13.821
607,7,15.106
608,8,15.366
609,9,12.33
610,10,9.119
611,11,5.961
612,12,2.327
613,1,2.445
614,2,1.939
615,3,4.425
616,4,10.057
617,5,12.107
618,6,13.774
619,7,15.774
620,8,14.511
621,9,12.468
622,10,9.282
623,11,7.132
624,12,2.224
625,1,2.822
626,2,2.557
627,3,5.76
628,4,8.123
629,5,11.104
630,6,14.027
631,7,14.702
632,8,15.27
633,9,12.039
634,10,7.636
635,11,4.555
636,12,4.158
637,1,2.917
638,2,2.937
639,3,4.691
640,4,8.032
641,5,11.503
642,6,12.418
643,7,13.923
644,8,14.593
645,9,12.549
646,10,8.426
647,11,5.231
648,12,3.989
649,1,1.055
650,2,4.094
651,3,4.788
652,4,6.971
653,5,9.331
654,6,13.293
655,7,14.138
656,8,13.799
657,9,12.615
658,10,8.857
659,11,6.015
660,12,4.421
661,1,1.131
662,2,2.142
663,3,4.361
664,4,7.482
665,5,9.357
666,6,13.429
667,7,14.491
668,8,13.047
669,9,12.711
670,10,7.972
671,11,4.512
672,12,0.887
673,1,0.208
674,2,0.856
675,3,3.425
676,4,7.833
677,5,9.243
678,6,12.998
679,7,12.656
680,8,12.905
681,9,10.967
682,10,8.65
683,11,3.099
684,12,2.077
685,1,0.888
686,2,2.391
687,3,5.014
688,4,6.533
689,5,9.069
690,6,11.934
691,7,12.551
692,8,12.041
693,9,9.532
694,10,6.632
695,11,3.827
696,12,2.66
697,1,1.374
698,2,0.45
699,3,3.701
700,4,6.302
701,5,9.443
702,6,12.137
703,7,11.956
704,8,13.326
705,9,10.368
706,10,6.58
707,11,3.503
708,12,3.174
709,1,0.977
710,2,0.131
711,3,2.044
712,4,6.95
713,5,9.58
714,6,12.005
715,7,14.355
716,8,15.018
717,9,10.185
718,10,7.593
719,11,4.369
720,12,1.348
721,1,-1.385
722,2,2.258
723,3,1.596
724,4,8.182
725,5,11.367
726,6,13.242
727,7,14.521
728,8,13.097
729,9,12.339
730,10,8.666
731,11,6.825
732,12,2.171
733,1,1.502
734,2,1.689
735,3,2.664
736,4,7.193
737,5,9.417
738,6,12.818
739,7,12.532
740,8,12.668
741,9,10.676
742,10,7.374
743,11,6.739
744,12,5.829
745,1,2.051
746,2,2.273
747,3,3.663
748,4,6.588
749,5,9.845
750,6,11.162
751,7,14.394
752,8,13.209
753,9,11.151
754,10,7.137
755,11,4.178
756,12,1.221
757,1,2.737
758,2,0.676
759,3,3.905
760,4,7.606
761,5,10.594
762,6,11.79
763,7,12.267
764,8,12.57
765,9,10.39
766,10,5.699
767,11,4.058
768,12,0.958
769,1,1.54
770,2,3.649
771,3,4.569
772,4,7.889
773,5,9.476
774,6,11.287
775,7,12.072
776,8,13.403
777,9,8.812
778,10,6.203
779,11,4.638
780,12,0.17
781,1,1.204
782,2,0.755
783,3,5.565
784,4,9.901
785,5,11.247
786,6,13.825
787,7,13.51
788,8,13.166
789,9,10.578
790,10,6.654
791,11,5.035
792,12,2.507
793,1,1.014
794,2,2.286
795,3,2.931
796,4,7.029
797,5,9.851
798,6,12.526
799,7,13.038
800,8,12.557
801,9,10.894
802,10,9.312
803,11,5.15
804,12,1.842
805,1,1.236
806,2,2.145
807,3,4.618
808,4,8.7
809,5,11.62
810,6,13.323
811,7,13.311
812,8,11.978
813,9,11.16
814,10,7.588
815,11,4.443
816,12,1.273
817,1,2.999
818,2,3.758
819,3,5.462
820,4,7.739
821,5,11.3
822,6,12.608
823,7,13.039
824,8,13.145
825,9,10.178
826,10,8.535
827,11,5.601
828,12,2.717
829,1,2.759
830,2,4.465
831,3,7.787
832,4,8.278
833,5,10.486
834,6,13.067
835,7,14.212
836,8,13.215
837,9,10.695
838,10,7.774
839,11,4.501
840,12,1.021
841,1,1.758
842,2,1.966
843,3,5.068
844,4,7.665
845,5,10.563
846,6,13.958
847,7,14.197
848,8,13.13
849,9,10.198
850,10,7.642
851,11,4.508
852,12,1.971
853,1,2.651
854,2,2.679
855,3,5.357
856,4,8.375
857,5,11.132
858,6,13.427
859,7,14.83
860,8,13.437
861,9,11.528
862,10,8.197
863,11,5.877
864,12,5.076
865,1,3.213
866,2,3.092
867,3,5.365
868,4,8.988
869,5,10.751
870,6,13.765
871,7,14.007
872,8,13.269
873,9,11.148
874,10,7.979
875,11,6.058
876,12,3.037
877,1,1.893
878,2,1.533
879,3,4.888
880,4,8.403
881,5,11.804
882,6,13.02
883,7,14.482
884,8,13.109
885,9,11.178
886,10,8.459
887,11,6.634
888,12,4.876
889,1,3.593
890,2,4.415
891,3,6.141
892,4,9.429
893,5,11.807
894,6,13.548
895,7,14.684
896,8,13.694
897,9,10.883
898,10,8.51
899,11,6.279
900,12,2.722
901,1,0.595
902,2,1.853
903,3,5.729
904,4,8.737
905,5,11.281
906,6,14.124
907,7,14.384
908,8,13.635
909,9,10.08
910,10,8.656
911,11,5.957
912,12,2.953
913,1,2.032
914,2,1.715
915,3,5.061
916,4,7.815
917,5,11.336
918,6,12.86
919,7,14.225
920,8,13.399
921,9,10.598
922,10,8.806
923,11,5.003
924,12,2.452
925,1,2.957
926,2,4.085
927,3,4.454
928,4,8.841
929,5,10.202
930,6,12.827
931,7,14.942
932,8,13.386
933,9,10.54
934,10,7.993
935,11,7.493
936,12,4.481
937,1,2.182
938,2,2.479
939,3,4.558
940,4,7.731
941,5,10.994
942,6,13.203
943,7,13.58
944,8,12.49
945,9,9.946
946,10,7.83
947,11,4.412
948,12,2.265
949,1,1.717
950,2,1.833
951,3,4.65
952,4,8.059
953,5,10.489
954,6,12.857
955,7,13.727
956,8,11.966
957,9,10.426
958,10,8.634
959,11,4.262
960,12,0.782
961,1,2.006
962,2,2.815
963,3,4.521
964,4,7.869
965,5,10.581
966,6,13.049
967,7,13.803
968,8,13.222
969,9,11.236
970,10,7.9
971,11,6.596
972,12,2.558
973,1,0.334
974,2,2.329
975,3,5.736
976,4,8.085
977,5,11.234
978,6,12.799
979,7,14.197
980,8,13.412
981,9,11.571
982,10,8.617
983,11,6.355
984,12,3.092
985,1,2.551
986,2,2.967
987,3,4.507
988,4,7.769
989,5,10.171
990,6,12.007
991,7,13.129
992,8,12.322
993,9,9.942
994,10,7.835
995,11,4.312
996,12,1.198
997,1,1.67
998,2,2.371
999,3,5.448
1000,4,7.315
1001,5,10.279
1002,6,12.549
1003,7,13.646
1004,8,12.83
1005,9,10.812
1006,10,8.756
1007,11,3.814
1008,12,2.86
1009,1,1.94
1010,2,2.619
1011,3,3.865
1012,4,6.556
1013,5,9.973
1014,6,12.099
1015,7,13.526
1016,8,13.018
1017,9,10.805
1018,10,7.653
1019,11,4.169
1020,12,2.285
1021,1,-0.557
1022,2,1.563
1023,3,3.723
1024,4,7.383
1025,5,9.985
1026,6,12.742
1027,7,14.367
1028,8,13.568
1029,9,11.106
1030,10,8.526
1031,11,5.16
1032,12,2.613
1033,1,2.156
1034,2,3.482
1035,3,2.673
1036,4,7.892
1037,5,10.289
1038,6,12.548
1039,7,14.411
1040,8,14.07
1041,9,10.853
1042,10,8.219
1043,11,3.92
1044,12,1.074
1045,1,2.561
1046,2,2.102
1047,3,4.04
1048,4,7.943
1049,5,11.173
1050,6,13.411
1051,7,14.714
1052,8,13.086
1053,9,11.01
1054,10,7.505
1055,11,4.101
1056,12,1.909
1057,1,0.649
1058,2,2.468
1059,3,3.307
1060,4,6.77
1061,5,10.764
1062,6,13.062
1063,7,14.552
1064,8,13.708
1065,9,10.921
1066,10,8.765
1067,11,4.744
1068,12,2.548
1069,1,1.636
1070,2,2.787
1071,3,5.75
1072,4,8.31
1073,5,10.535
1074,6,12.629
1075,7,13.584
1076,8,13.241
1077,9,10.94
1078,10,8.307
1079,11,4.824
1080,12,3.73
1081,1,2.974
1082,2,3.92
1083,3,4.744
1084,4,7.83
1085,5,10.04
1086,6,12.53
1087,7,13.991
1088,8,13.295
1089,9,11.326
1090,10,8.722
1091,11,4.947
1092,12,3.765
1093,1,1.868
1094,2,2.038
1095,3,4.734
1096,4,7.389
1097,5,10.109
1098,6,12.84
1099,7,13.921
1100,8,13.046
1101,9,10.819
1102,10,8.7
1103,11,4.401
1104,12,1.891
1105,1,2.661
1106,2,1.627
1107,3,4.651
1108,4,8.158
1109,5,10.433
1110,6,12.863
1111,7,14.319
1112,8,13.556
1113,9,11.234
1114,10,7.782
1115,11,5.194
1116,12,1.736
1117,1,3.213
1118,2,3.376
1119,3,6.314
1120,4,7.473
1121,5,10.896
1122,6,13.53
1123,7,14.923
1124,8,14.121
1125,9,11.738
1126,10,8.229
1127,11,5.044
1128,12,3.776
1129,1,2.753
1130,2,3.602
1131,3,4.046
1132,4,7.98
1133,5,10.622
1134,6,12.828
1135,7,14.25
1136,8,13.414
1137,9,11.619
1138,10,8.618
1139,11,5.574
1140,12,1.726
1141,1,0.51
1142,2,3.726
1143,3,4.806
1144,4,8.11
1145,5,10.58
1146,6,13.247
1147,7,14.466
1148,8,13.268
1149,9,10.997
1150,10,8.655
1151,11,5.29
1152,12,2.099
1153,1,1.941
1154,2,2.638
1155,3,5.302
1156,4,7.028
1157,5,10.159
1158,6,13
1159,7,14.458
1160,8,13.603
1161,9,11.093
1162,10,8.89
1163,11,5.778
1164,12,1.923
1165,1,0.749
1166,2,3.071
1167,3,4.954
1168,4,7.217
1169,5,10.004
1170,6,13.15
1171,7,14.492
1172,8,14.039
1173,9,11.505
1174,10,8.091
1175,11,4.733
1176,12,2.803
1177,1,2.431
1178,2,2.508
1179,3,4.192
1180,4,7.287
1181,5,11.113
1182,6,13.418
1183,7,14.531
1184,8,13.751
1185,9,11.677
1186,10,9.122
1187,11,4.973
1188,12,3.14
1189,1,2.376
1190,2,2.54
1191,3,3.884
1192,4,7.487
1193,5,11.169
1194,6,13.164
1195,7,14.512
1196,8,13.304
1197,9,11.478
1198,10,8.91
1199,11,4.593
1200,12,3.785
1201,1,1.786
1202,2,2.228
1203,3,4.078
1204,4,7.541
1205,5,10.975
1206,6,13.41
1207,7,14.645
1208,8,13.953
1209,9,11.71
1210,10,8.535
1211,11,4.783
1212,12,2.858
1213,1,1.281
1214,2,1.941
1215,3,4.698
1216,4,7.622
1217,5,11.095
1218,6,12.829
1219,7,14.692
1220,8,13.889
1221,9,11.514
1222,10,9.763
1223,11,5.745
1224,12,3.457
1225,1,2.522
1226,2,2.982
1227,3,4.617
1228,4,8.58
1229,5,11.186
1230,6,12.984
1231,7,13.926
1232,8,13.547
1233,9,11.141
1234,10,8.444
1235,11,5.186
1236,12,2.214
1237,1,2.76
1238,2,2.226
1239,3,4.372
1240,4,7.751
1241,5,10.53
1242,6,13.496
1243,7,14.019
1244,8,13.021
1245,9,10.948
1246,10,8.087
1247,11,5.36
1248,12,3.381
1249,1,1.821
1250,2,2.481
1251,3,4.312
1252,4,6.827
1253,5,9.885
1254,6,12.611
1255,7,13.953
1256,8,13.203
1257,9,11.056
1258,10,8.198
1259,11,5.236
1260,12,3.515
1261,1,2.739
1262,2,2.284
1263,3,4.834
1264,4,8.25
1265,5,10.851
1266,6,12.956
1267,7,13.677
1268,8,13.22
1269,9,11.148
1270,10,8.81
1271,11,5.99
1272,12,2.444
1273,1,2.015
1274,2,2.611
1275,3,5.023
1276,4,8.542
1277,5,11.456
1278,6,13.142
1279,7,13.827
1280,8,13.217
1281,9,11.08
1282,10,8.834
1283,11,5.912
1284,12,3.365
1285,1,2.077
1286,2,2.632
1287,3,3.494
1288,4,7.76
1289,5,11.062
1290,6,13.272
1291,7,14.203
1292,8,13.765
1293,9,11.892
1294,10,8.712
1295,11,5.027
1296,12,1.634
1297,1,0.404
1298,2,2.137
1299,3,4.489
1300,4,7.487
1301,5,10.516
1302,6,13.017
1303,7,13.967
1304,8,13.656
1305,9,11.409
1306,10,8.475
1307,11,5.707
1308,12,2.894
1309,1,0.685
1310,2,1.769
1311,3,4.485
1312,4,7.323
1313,5,10.739
1314,6,12.86
1315,7,13.928
1316,8,13.188
1317,9,11.028
1318,10,8.283
1319,11,4.792
1320,12,1.623
1321,1,3.034
1322,2,3.253
1323,3,4.682
1324,4,7.931
1325,5,11.081
1326,6,12.794
1327,7,13.765
1328,8,13.294
1329,9,11.23
1330,10,8.235
1331,11,5.392
1332,12,2.651
1333,1,1.551
1334,2,2.506
1335,3,4.651
1336,4,7.515
1337,5,10.956
1338,6,13.365
1339,7,14.162
1340,8,13.434
1341,9,11.37
1342,10,8.795
1343,11,5.232
1344,12,2.266
1345,1,2.975
1346,2,2.152
1347,3,4.039
1348,4,7.314
1349,5,10.917
1350,6,13.214
1351,7,14.22
1352,8,13.58
1353,9,11.797
1354,10,9.136
1355,11,6.144
1356,12,2.646
1357,1,2.932
1358,2,2.274
1359,3,4.421
1360,4,7.914
1361,5,10.898
1362,6,12.853
1363,7,14.602
1364,8,13.532
1365,9,11.527
1366,10,8.506
1367,11,5.895
1368,12,4.152
1369,1,2.482
1370,2,2.664
1371,3,4.454
1372,4,8.258
1373,5,10.495
1374,6,13.303
1375,7,14.223
1376,8,13.506
1377,9,11.763
1378,10,9.212
1379,11,6.939
1380,12,3.937
1381,1,1.834
1382,2,2.039
1383,3,4.538
1384,4,8.183
1385,5,11.308
1386,6,13.162
1387,7,14.514
1388,8,13.744
1389,9,11.669
1390,10,9.448
1391,11,5.192
1392,12,3.344
1393,1,2.115
1394,2,3.864
1395,3,4.374
1396,4,7.921
1397,5,11.295
1398,6,13.537
1399,7,14.337
1400,8,14.01
1401,9,12.247
1402,10,9.006
1403,11,5.773
1404,12,2.706
1405,1,2.082
1406,2,2.134
1407,3,4.656
1408,4,7.879
1409,5,11.339
1410,6,13.653
1411,7,14.599
1412,8,13.484
1413,9,11.952
1414,10,8.81
1415,11,5.6
1416,12,2.228
1417,1,1.447
1418,2,1.736
1419,3,4.685
1420,4,8.34
1421,5,10.788
1422,6,13.08
1423,7,14.29
1424,8,13.932
1425,9,11.711
1426,10,9.096
1427,11,5.113
1428,12,3.163
1429,1,1.652
1430,2,2.35
1431,3,4.922
1432,4,7.846
1433,5,11.198
1434,6,13.055
1435,7,14.285
1436,8,13.821
1437,9,11.958
1438,10,9.24
1439,11,5.372
1440,12,2.627
1441,1,2.013
1442,2,3.195
1443,3,4.704
1444,4,7.462
1445,5,11.006
1446,6,13.405
1447,7,14.287
1448,8,13.755
1449,9,11.487
1450,10,9.234
1451,11,5.819
1452,12,3.846
1453,1,2.685
1454,2,3.069
1455,3,4.221
1456,4,8.231
1457,5,11.306
1458,6,13.306
1459,7,14.122
1460,8,13.815
1461,9,12.111
1462,10,9.12
1463,11,5.809
1464,12,3.407
1465,1,1.533
1466,2,2.259
1467,3,4.256
1468,4,7.636
1469,5,10.746
1470,6,13.157
1471,7,14.144
1472,8,13.401
1473,9,11.319
1474,10,8.585
1475,11,4.614
1476,12,2.665
1477,1,1.856
1478,2,2.617
1479,3,4.748
1480,4,8.199
1481,5,10.69
1482,6,13.131
1483,7,14.319
1484,8,13.481
1485,9,11.687
1486,10,8.946
1487,11,5.093
1488,12,2.194
1489,1,2.286
1490,2,2.928
1491,3,5.297
1492,4,8.039
1493,5,11.056
1494,6,13.384
1495,7,14.642
1496,8,14.151
1497,9,12.075
1498,10,9.273
1499,11,6.348
1500,12,2.996
1501,1,2.017
1502,2,3.728
1503,3,6.608
1504,4,8.899
1505,5,11.017
1506,6,13.796
1507,7,14.742
1508,8,14.094
1509,9,12.093
1510,10,9.173
1511,11,6.446
1512,12,3.344
1513,1,2.303
1514,2,2.737
1515,3,4.924
1516,4,7.768
1517,5,10.803
1518,6,13.23
1519,7,14.238
1520,8,13.245
1521,9,11.449
1522,10,9.229
1523,11,5.526
1524,12,2.538
1525,1,1.755
1526,2,2.052
1527,3,4.63
1528,4,7.559
1529,5,11.096
1530,6,13.327
1531,7,14.141
1532,8,13.807
1533,9,11.386
1534,10,8.673
1535,11,5.893
1536,12,3.106
1537,1,2.461
1538,2,2.626
1539,3,5.01
1540,4,8.323
1541,5,11.165
1542,6,12.745
1543,7,14.203
1544,8,13.71
1545,9,11.689
1546,10,8.851
1547,11,5.272
1548,12,3.196
1549,1,2.99
1550,2,3.231
1551,3,5.04
1552,4,7.691
1553,5,10.888
1554,6,12.805
1555,7,13.747
1556,8,13.703
1557,9,11.736
1558,10,8.445
1559,11,5.066
1560,12,2.205
1561,1,1.46
1562,2,1.856
1563,3,4.929
1564,4,7.691
1565,5,10.832
1566,6,13.302
1567,7,14.011
1568,8,13.224
1569,9,11.343
1570,10,8.909
1571,11,4.905
1572,12,3.261
1573,1,2.12
1574,2,2.474
1575,3,3.892
1576,4,7.186
1577,5,10.198
1578,6,12.527
1579,7,13.622
1580,8,13.257
1581,9,11.235
1582,10,8.581
1583,11,5.164
1584,12,3.028
1585,1,1.003
1586,2,2.243
1587,3,4.622
1588,4,7.336
1589,5,10.567
1590,6,12.716
1591,7,13.972
1592,8,13.351
1593,9,11.435
1594,10,8.722
1595,11,5.425
1596,12,3.644
1597,1,1.436
1598,2,1.793
1599,3,4.262
1600,4,7.909
1601,5,10.784
1602,6,12.789
1603,7,14.226
1604,8,13.323
1605,9,11.6
1606,10,8.604
1607,11,5.226
1608,12,3.502
1609,1,0.824
1610,2,2.054
1611,3,4.552
1612,4,7.789
1613,5,10.84
1614,6,12.89
1615,7,14.021
1616,8,13.097
1617,9,11.707
1618,10,8.738
1619,11,5.592
1620,12,2.875
1621,1,1.708
1622,2,2.039
1623,3,4.3
1624,4,7.845
1625,5,10.62
1626,6,12.921
1627,7,14.242
1628,8,13.511
1629,9,11.685
1630,10,9.201
1631,11,5.792
1632,12,3.222
1633,1,1.762
1634,2,3.409
1635,3,5.299
1636,4,8.589
1637,5,11.242
1638,6,13.288
1639,7,14.225
1640,8,13.504
1641,9,11.547
1642,10,8.865
1643,11,4.999
1644,12,3.099
1645,1,1.836
1646,2,2.516
1647,3,4.21
1648,4,7.739
1649,5,10.464
1650,6,12.872
1651,7,14.034
1652,8,13.266
1653,9,11.546
1654,10,9.178
1655,11,5.03
1656,12,2.969
1657,1,1.678
1658,2,1.88
1659,3,4.755
1660,4,7.618
1661,5,10.785
1662,6,12.888
1663,7,13.93
1664,8,13.496
1665,9,11.763
1666,10,8.722
1667,11,5.115
1668,12,3.602
1669,1,2.018
1670,2,2.805
1671,3,4.362
1672,4,7.562
1673,5,10.622
1674,6,13.263
1675,7,13.89
1676,8,13.42
1677,9,11.764
1678,10,9.29
1679,11,4.859
1680,12,2.935
1681,1,0.5
1682,2,1.654
1683,3,4.979
1684,4,7.994
1685,5,10.747
1686,6,13.051
1687,7,14.318
1688,8,13.454
1689,9,11.767
1690,10,9.16
1691,11,5.902
1692,12,3.155
1693,1,1.691
1694,2,2.923
1695,3,5.118
1696,4,7.663
1697,5,10.944
1698,6,12.858
1699,7,14.004
1700,8,13.488
1701,9,11.58
1702,10,9.125
1703,11,5.405
1704,12,3.133
1705,1,1.295
1706,2,2
1707,3,4.689
1708,4,8.247
1709,5,10.867
1710,6,13.058
1711,7,14.053
1712,8,13.489
1713,9,11.743
1714,10,9.117
1715,11,5.744
1716,12,3.462
1717,1,2.291
1718,2,2.707
1719,3,4.279
1720,4,7.33
1721,5,10.893
1722,6,13.304
1723,7,14.233
1724,8,13.624
1725,9,11.824
1726,10,9.416
1727,11,5.366
1728,12,3.312
1729,1,1.893
1730,2,2.429
1731,3,4.345
1732,4,8.278
1733,5,11.377
1734,6,13.319
1735,7,14.31
1736,8,13.668
1737,9,11.925
1738,10,9.197
1739,11,5.608
1740,12,3.171
1741,1,2.737
1742,2,2.354
1743,3,3.751
1744,4,7.907
1745,5,10.835
1746,6,13.395
1747,7,14.138
1748,8,13.579
1749,9,11.753
1750,10,8.828
1751,11,5.452
1752,12,3.407
1753,1,2.515
1754,2,2.38
1755,3,4.618
1756,4,8.281
1757,5,11.023
1758,6,12.856
1759,7,14.159
1760,8,13.777
1761,9,12.128
1762,10,9.409
1763,11,6.605
1764,12,3.005
1765,1,1.461
1766,2,3.098
1767,3,5.492
1768,4,8.223
1769,5,11.385
1770,6,13.293
1771,7,14.171
1772,8,13.816
1773,9,11.955
1774,10,9.666
1775,11,5.804
1776,12,3.655
1777,1,2.191
1778,2,3.092
1779,3,5.671
1780,4,8.522
1781,5,11.178
1782,6,13.423
1783,7,14.339
1784,8,13.789
1785,9,11.984
1786,10,9.003
1787,11,5.976
1788,12,3.335
1789,1,2.684
1790,2,3.606
1791,3,4.883
1792,4,7.956
1793,5,10.893
1794,6,13.214
1795,7,14.231
1796,8,13.599
1797,9,11.799
1798,10,8.801
1799,11,5.274
1800,12,2.713
1801,1,2.514
1802,2,3.555
1803,3,4.93
1804,4,7.832
1805,5,10.794
1806,6,12.886
1807,7,13.992
1808,8,13.412
1809,9,11.501
1810,10,8.812
1811,11,5.516
1812,12,2.898
1813,1,1.637
1814,2,2.297
1815,3,4.506
1816,4,7.684
1817,5,10.84
1818,6,13.014
1819,7,13.836
1820,8,13.459
1821,9,11.381
1822,10,8.833
1823,11,6.23
1824,12,3.374
1825,1,2.254
1826,2,1.927
1827,3,4.635
1828,4,7.755
1829,5,10.982
1830,6,13.112
1831,7,14.077
1832,8,13.578
1833,9,11.804
1834,10,9.041
1835,11,6.183
1836,12,3.354
1837,1,2.068
1838,2,2.301
1839,3,4.866
1840,4,8.626
1841,5,11.24
1842,6,13.334
1843,7,14.122
1844,8,13.691
1845,9,11.772
1846,10,9.267
1847,11,5.501
1848,12,3.761
1849,1,1.798
1850,2,2.117
1851,3,4.575
1852,4,7.579
1853,5,10.375
1854,6,12.729
1855,7,13.769
1856,8,13.362
1857,9,11.665
1858,10,9.234
1859,11,5.207
1860,12,2.956
1861,1,2.304
1862,2,2.769
1863,3,4.136
1864,4,7.832
1865,5,11.141
1866,6,13.293
1867,7,14.197
1868,8,13.376
1869,9,11.977
1870,10,8.865
1871,11,5.272
1872,12,3.071
1873,1,1.395
1874,2,2.706
1875,3,4.589
1876,4,7.534
1877,5,10.611
1878,6,12.962
1879,7,14.06
1880,8,13.752
1881,9,11.879
1882,10,9.192
1883,11,6.236
1884,12,3.223
1885,1,2.333
1886,2,2.779
1887,3,4.606
1888,4,8.105
1889,5,11.005
1890,6,13.151
1891,7,14.279
1892,8,13.677
1893,9,11.733
1894,10,9.006
1895,11,5.318
1896,12,2.684
1897,1,1.66
1898,2,2.453
1899,3,4.347
1900,4,7.99
1901,5,10.829
1902,6,13.009
1903,7,14.082
1904,8,13.499
1905,9,11.638
1906,10,9.263
1907,11,5.964
1908,12,3.39
1909,1,2.402
1910,2,3.354
1911,3,4.356
1912,4,8.229
1913,5,11.254
1914,6,13.435
1915,7,13.723
1916,8,13.053
1917,9,11.222
1918,10,8.367
1919,11,5.521
1920,12,3.069
1921,1,2.083
1922,2,2.376
1923,3,4.517
1924,4,8.023
1925,5,10.745
1926,6,13.005
1927,7,14.137
1928,8,13.724
1929,9,11.759
1930,10,9.077
1931,11,6.024
1932,12,4.103
1933,1,3.376
1934,2,3.2
1935,3,4.942
1936,4,8.098
1937,5,11.285
1938,6,13.496
1939,7,14.298
1940,8,13.73
1941,9,11.915
1942,10,9.387
1943,11,5.759
1944,12,3.6
1945,1,2.299
1946,2,3.265
1947,3,5.143
1948,4,8.705
1949,5,11.493
1950,6,13.3
1951,7,14.443
1952,8,13.77
1953,9,11.867
1954,10,8.984
1955,11,6.216
1956,12,3.633
1957,1,2.616
1958,2,2.957
1959,3,4.846
1960,4,8.047
1961,5,10.972
1962,6,12.942
1963,7,14.052
1964,8,13.58
1965,9,11.726
1966,10,9.053
1967,11,5.596
1968,12,2.316
1969,1,2.133
1970,2,2.36
1971,3,4.488
1972,4,7.855
1973,5,10.443
1974,6,12.915
1975,7,14.259
1976,8,13.471
1977,9,11.745
1978,10,8.544
1979,11,5.82
1980,12,2.247
1981,1,1.934
1982,2,2.455
1983,3,4.811
1984,4,7.644
1985,5,10.54
1986,6,12.908
1987,7,14.002
1988,8,13.431
1989,9,11.881
1990,10,9.433
1991,11,5.683
1992,12,2.848
1993,1,2.184
1994,2,2.852
1995,3,4.743
1996,4,8.487
1997,5,10.969
1998,6,13.228
1999,7,14.274
2000,8,13.786
2001,9,11.99
2002,10,9.361
2003,11,5.489
2004,12,3.224
2005,1,2.841
2006,2,2.755
2007,3,5.227
2008,4,8.293
2009,5,11.131
2010,6,13.105
2011,7,14.245
2012,8,13.698
2013,9,11.794
2014,10,9.021
2015,11,5.566
2016,12,2.629
2017,1,2.98
2018,2,3.125
2019,3,5.081
2020,4,8.324
2021,5,11.245
2022,6,13.44
2023,7,14.436
2024,8,13.561
2025,9,11.869
2026,10,9.264
2027,11,5.864
2028,12,3.663
2029,1,2.15
2030,2,2.376
2031,3,5.156
2032,4,8.38
2033,5,11.097
2034,6,13.331
2035,7,14.278
2036,8,13.584
2037,9,11.775
2038,10,9.056
2039,11,6.046
2040,12,3.667
2041,1,2.487
2042,2,2.563
2043,3,4.866
2044,4,7.749
2045,5,10.849
2046,6,13.296
2047,7,13.984
2048,8,13.611
2049,9,11.883
2050,10,9.52
2051,11,6.378
2052,12,3.88
2053,1,2.339
2054,2,2.888
2055,3,5.352
2056,4,7.97
2057,5,11.188
2058,6,13.342
2059,7,14.304
2060,8,13.654
2061,9,11.957
2062,10,9.203
2063,11,6.4
2064,12,3.485
2065,1,2.268
2066,2,2.701
2067,3,5.126
2068,4,8.442
2069,5,11.039
2070,6,13.089
2071,7,14.066
2072,8,13.769
2073,9,11.979
2074,10,9.196
2075,11,6.34
2076,12,4.398
2077,1,3.453
2078,2,3.717
2079,3,5.831
2080,4,8.193
2081,5,10.931
2082,6,13.285
2083,7,14.168
2084,8,13.877
2085,9,12.075
2086,10,9.55
2087,11,6.3
2088,12,3.366
2089,1,2.372
2090,2,3.039
2091,3,4.668
2092,4,8.035
2093,5,11.104
2094,6,13.272
2095,7,14.323
2096,8,13.698
2097,9,12.254
2098,10,9.887
2099,11,6.346
2100,12,3.267
2101,1,3.046
2102,2,3.333
2103,3,4.959
2104,4,8.244
2105,5,11.169
2106,6,13.113
2107,7,14.31
2108,8,13.687
2109,9,12.03
2110,10,9.486
2111,11,6.336
2112,12,3.873
2113,1,2.054
2114,2,2.172
2115,3,5.099
2116,4,8.094
2117,5,10.915
2118,6,12.928
2119,7,13.957
2120,8,13.68
2121,9,11.807
2122,10,9.46
2123,11,6.172
2124,12,2.571
2125,1,2.401
2126,2,3.152
2127,3,5.483
2128,4,8.182
2129,5,11.105
2130,6,13.347
2131,7,14.465
2132,8,13.928
2133,9,11.874
2134,10,9.261
2135,11,6.574
2136,12,3.831
2137,1,2.761
2138,2,2.708
2139,3,5.22
2140,4,8.163
2141,5,11.02
2142,6,13.573
2143,7,14.576
2144,8,14.12
2145,9,12.283
2146,10,9.937
2147,11,6.243
2148,12,4.027
2149,1,3.604
2150,2,2.989
2151,3,4.94
2152,4,8.769
2153,5,11.239
2154,6,13.383
2155,7,14.372
2156,8,13.74
2157,9,12.31
2158,10,9.682
2159,11,5.908
2160,12,3.527
2161,1,2.169
2162,2,2.657
2163,3,4.869
2164,4,8.125
2165,5,11.047
2166,6,13.11
2167,7,14.236
2168,8,13.76
2169,9,11.854
2170,10,9.238
2171,11,5.89
2172,12,3.104
2173,1,2.476
2174,2,3.699
2175,3,4.818
2176,4,8.016
2177,5,11.478
2178,6,13.402
2179,7,14.343
2180,8,13.778
2181,9,11.727
2182,10,9.421
2183,11,6.397
2184,12,3.985
2185,1,2.175
2186,2,4.125
2187,3,5.399
2188,4,7.771
2189,5,10.906
2190,6,13.326
2191,7,14.331
2192,8,13.775
2193,9,11.999
2194,10,9.516
2195,11,5.443
2196,12,3.423
2197,1,2.249
2198,2,2.506
2199,3,5.031
2200,4,8.127
2201,5,11.251
2202,6,13.363
2203,7,14.629
2204,8,13.86
2205,9,12.021
2206,10,9.457
2207,11,6.233
2208,12,3.921
2209,1,2.453
2210,2,3.553
2211,3,4.851
2212,4,8.14
2213,5,11.422
2214,6,13.603
2215,7,14.375
2216,8,14.007
2217,9,12.413
2218,10,9.729
2219,11,6.356
2220,12,3.478
2221,1,2.91
2222,2,3.417
2223,3,5.651
2224,4,8.913
2225,5,11.456
2226,6,13.321
2227,7,14.482
2228,8,13.963
2229,9,12.427
2230,10,9.784
2231,11,6.53
2232,12,3.51
2233,1,2.932
2234,2,3.232
2235,3,4.926
2236,4,8.328
2237,5,11.524
2238,6,13.531
2239,7,14.395
2240,8,13.932
2241,9,11.958
2242,10,9.218
2243,11,6.189
2244,12,4.959
2245,1,2.335
2246,2,3.423
2247,3,5.424
2248,4,8.756
2249,5,11.338
2250,6,13.583
2251,7,14.571
2252,8,13.811
2253,9,12.268
2254,10,9.457
2255,11,6.076
2256,12,4.134
2257,1,2.735
2258,2,3.67
2259,3,5.213
2260,4,8.575
2261,5,11.493
2262,6,13.63
2263,7,14.694
2264,8,14.028
2265,9,11.816
2266,10,9.71
2267,11,5.953
2268,12,3.707
2269,1,3.103
2270,2,2.857
2271,3,5.308
2272,4,8.416
2273,5,11.338
2274,6,13.578
2275,7,14.242
2276,8,13.786
2277,9,12.146
2278,10,9.627
2279,11,6.395
2280,12,3.945
2281,1,2.396
2282,2,3.513
2283,3,5.138
2284,4,8.638
2285,5,11.485
2286,6,13.161
2287,7,14.46
2288,8,13.774
2289,9,12.096
2290,10,9.907
2291,11,6.26
2292,12,4.233
2293,1,3.504
2294,2,3.591
2295,3,5.531
2296,4,8.434
2297,5,11.334
2298,6,13.478
2299,7,14.468
2300,8,14.017
2301,9,12.45
2302,10,9.808
2303,11,6.091
2304,12,3.434
2305,1,2.525
2306,2,2.646
2307,3,5.184
2308,4,8.681
2309,5,11.097
2310,6,13.328
2311,7,14.213
2312,8,14.313
2313,9,12.225
2314,10,9.575
2315,11,6.073
2316,12,3.158
2317,1,2.979
2318,2,3.461
2319,3,5.236
2320,4,8.837
2321,5,11.355
2322,6,13.298
2323,7,14.409
2324,8,13.834
2325,9,12.064
2326,10,9.281
2327,11,6.235
2328,12,3.134
2329,1,2.597
2330,2,3.277
2331,3,5.801
2332,4,8.686
2333,5,11.329
2334,6,13.459
2335,7,14.349
2336,8,13.827
2337,9,12.166
2338,10,10.011
2339,11,6.407
2340,12,3.656
2341,1,3.366
2342,2,3.22
2343,3,4.919
2344,4,8.499
2345,5,11.537
2346,6,13.664
2347,7,14.445
2348,8,13.896
2349,9,12.155
2350,10,9.584
2351,11,6.185
2352,12,3.491
2353,1,3.219
2354,2,2.759
2355,3,5.077
2356,4,8.344
2357,5,11.309
2358,6,13.223
2359,7,14.199
2360,8,13.826
2361,9,11.957
2362,10,9.531
2363,11,6.148
2364,12,3.449
2365,1,2.008
2366,2,2.721
2367,3,5.247
2368,4,8.123
2369,5,11.297
2370,6,13.382
2371,7,14.14
2372,8,13.46
2373,9,11.952
2374,10,9.153
2375,11,5.372
2376,12,3.528
2377,1,2.138
2378,2,2.332
2379,3,5.091
2380,4,8.367
2381,5,11.438
2382,6,13.25
2383,7,14.324
2384,8,14.021
2385,9,12.324
2386,10,9.67
2387,11,6.225
2388,12,4.328
2389,1,3.049
2390,2,3.396
2391,3,4.967
2392,4,8.461
2393,5,11.352
2394,6,13.442
2395,7,14.549
2396,8,13.964
2397,9,12.238
2398,10,9.157
2399,11,5.425
2400,12,3.659
2401,1,2.964
2402,2,3.629
2403,3,5.712
2404,4,8.892
2405,5,11.514
2406,6,13.612
2407,7,14.392
2408,8,14.059
2409,9,12.199
2410,10,9.59
2411,11,5.924
2412,12,3.998
2413,1,2.059
2414,2,3.084
2415,3,5.148
2416,4,8.158
2417,5,10.988
2418,6,13.4
2419,7,14.241
2420,8,13.868
2421,9,12.098
2422,10,9.546
2423,11,6.579
2424,12,3.559
2425,1,3.412
2426,2,3.137
2427,3,4.585
2428,4,8.136
2429,5,11.192
2430,6,13.56
2431,7,14.242
2432,8,14.283
2433,9,11.954
2434,10,9.735
2435,11,5.973
2436,12,3.306
2437,1,2.466
2438,2,2.781
2439,3,4.889
2440,4,7.922
2441,5,10.721
2442,6,13.16
2443,7,14.18
2444,8,13.189
2445,9,11.783
2446,10,8.928
2447,11,5.738
2448,12,3.598
2449,1,2.488
2450,2,3.12
2451,3,5.036
2452,4,8.366
2453,5,11.259
2454,6,13.783
2455,7,14.129
2456,8,14.082
2457,9,12.312
2458,10,9.496
2459,11,6.391
2460,12,4.328
2461,1,3.574
2462,2,3.695
2463,3,5.453
2464,4,8.52
2465,5,11.519
2466,6,13.187
2467,7,14.438
2468,8,13.597
2469,9,11.845
2470,10,9.375
2471,11,6.26
2472,12,3.822
2473,1,2.959
2474,2,3.33
2475,3,5.854
2476,4,8.819
2477,5,11.323
2478,6,13.577
2479,7,14.449
2480,8,13.853
2481,9,11.946
2482,10,9.16
2483,11,5.752
2484,12,3.77
2485,1,2.713
2486,2,3.798
2487,3,4.303
2488,4,8.133
2489,5,10.872
2490,6,13.484
2491,7,14.198
2492,8,13.825
2493,9,12.095
2494,10,9.497
2495,11,5.828
2496,12,4.259
2497,1,2.926
2498,2,3.683
2499,3,5.589
2500,4,8.631
2501,5,11.624
2502,6,13.702
2503,7,14.288
2504,8,13.849
2505,9,12.247
2506,10,9.328
2507,11,6.205
2508,12,3.5
2509,1,3.003
2510,2,3.696
2511,3,5.53
2512,4,8.54
2513,5,11.128
2514,6,13.427
2515,7,14.205
2516,8,13.713
2517,9,12.018
2518,10,9.468
2519,11,6.283
2520,12,3.94
2521,1,2.901
2522,2,4.02
2523,3,5.097
2524,4,8.173
2525,5,11.045
2526,6,13.412
2527,7,14.506
2528,8,14.309
2529,9,12.555
2530,10,9.943
2531,11,6.561
2532,12,3.75
2533,1,2.881
2534,2,3.028
2535,3,4.865
2536,4,7.922
2537,5,10.905
2538,6,13.459
2539,7,14.301
2540,8,13.678
2541,9,11.604
2542,10,8.832
2543,11,5.983
2544,12,3.458
2545,1,2.862
2546,2,3.036
2547,3,5.182
2548,4,7.99
2549,5,11.222
2550,6,13.308
2551,7,14.078
2552,8,13.807
2553,9,11.73
2554,10,9.488
2555,11,5.86
2556,12,3.766
2557,1,2.49
2558,2,3.29
2559,3,5.527
2560,4,8.161
2561,5,11.2
2562,6,13.587
2563,7,14.569
2564,8,13.731
2565,9,12.133
2566,10,9.153
2567,11,5.969
2568,12,3.382
2569,1,2.71
2570,2,2.905
2571,3,5.396
2572,4,8.458
2573,5,11.632
2574,6,13.194
2575,7,14.331
2576,8,13.821
2577,9,12.054
2578,10,9.809
2579,11,6.176
2580,12,3.915
2581,1,2.353
2582,2,3.245
2583,3,6.117
2584,4,8.455
2585,5,11.068
2586,6,13.204
2587,7,14.026
2588,8,13.524
2589,9,11.62
2590,10,9.453
2591,11,5.891
2592,12,3.24
2593,1,1.966
2594,2,2.45
2595,3,5.131
2596,4,8.576
2597,5,11.354
2598,6,13.475
2599,7,14.218
2600,8,13.804
2601,9,12.048
2602,10,9.489
2603,11,6.42
2604,12,4.21
2605,1,2.836
2606,2,3.735
2607,3,5.272
2608,4,8.603
2609,5,11.206
2610,6,13.513
2611,7,14.395
2612,8,13.658
2613,9,12.277
2614,10,9.348
2615,11,6.047
2616,12,3.521
2617,1,2.967
2618,2,2.867
2619,3,5.001
2620,4,8.339
2621,5,11.211
2622,6,13.099
2623,7,14.139
2624,8,13.879
2625,9,12.139
2626,10,9.388
2627,11,6.295
2628,12,3.867
2629,1,1.882
2630,2,2.609
2631,3,5.287
2632,4,8.337
2633,5,11.155
2634,6,13.501
2635,7,14.231
2636,8,14.171
2637,9,11.901
2638,10,9.346
2639,11,5.797
2640,12,3.778
2641,1,3.038
2642,2,3.898
2643,3,5.82
2644,4,8.938
2645,5,11.769
2646,6,13.824
2647,7,14.435
2648,8,13.869
2649,9,12.125
2650,10,9.609
2651,11,6.222
2652,12,3.832
2653,1,2.261
2654,2,2.582
2655,3,5.19
2656,4,8.386
2657,5,11.198
2658,6,13.382
2659,7,14.288
2660,8,14.016
2661,9,11.744
2662,10,9.098
2663,11,5.915
2664,12,3.55
2665,1,3.059
2666,2,3.395
2667,3,5.706
2668,4,8.584
2669,5,11.742
2670,6,13.557
2671,7,14.351
2672,8,13.514
2673,9,12.152
2674,10,9.318
2675,11,5.893
2676,12,3.667
2677,1,2.884
2678,2,3.031
2679,3,4.517
2680,4,8.294
2681,5,10.942
2682,6,13.086
2683,7,14.155
2684,8,13.511
2685,9,11.895
2686,10,8.511
2687,11,5.66
2688,12,3.681
2689,1,2.492
2690,2,3.471
2691,3,5.702
2692,4,8.85
2693,5,11.78
2694,6,13.876
2695,7,14.631
2696,8,14.09
2697,9,11.862
2698,10,9.156
2699,11,6.544
2700,12,3.749
2701,1,2.705
2702,2,3.456
2703,3,5.607
2704,4,8.791
2705,5,11.414
2706,6,13.22
2707,7,14.364
2708,8,13.297
2709,9,12.03
2710,10,9.339
2711,11,6.35
2712,12,3.74
2713,1,2.679
2714,2,2.841
2715,3,5.474
2716,4,8.455
2717,5,11.199
2718,6,13.487
2719,7,14.114
2720,8,13.833
2721,9,12.247
2722,10,9.586
2723,11,6.286
2724,12,4.6
2725,1,2.956
2726,2,3.652
2727,3,5.367
2728,4,8.935
2729,5,11.77
2730,6,13.582
2731,7,14.742
2732,8,14.189
2733,9,12.321
2734,10,9.55
2735,11,6.684
2736,12,4.016
2737,1,3.785
2738,2,4.021
2739,3,6.239
2740,4,8.953
2741,5,11.565
2742,6,13.765
2743,7,14.738
2744,8,14.502
2745,9,12.236
2746,10,9.394
2747,11,6.273
2748,12,4.519
2749,1,2.558
2750,2,3.281
2751,3,4.873
2752,4,8.465
2753,5,11.348
2754,6,13.245
2755,7,14.545
2756,8,13.796
2757,9,12.039
2758,10,9.232
2759,11,5.961
2760,12,4.327
2761,1,3.445
2762,2,3.814
2763,3,5.699
2764,4,8.693
2765,5,11.729
2766,6,13.478
2767,7,14.408
2768,8,14.302
2769,9,12.698
2770,10,9.478
2771,11,6.765
2772,12,3.829
2773,1,2.941
2774,2,3.093
2775,3,5.671
2776,4,8.432
2777,5,11.976
2778,6,13.387
2779,7,14.429
2780,8,13.984
2781,9,12.015
2782,10,9.378
2783,11,5.811
2784,12,3.185
2785,1,3.01
2786,2,2.704
2787,3,5.451
2788,4,8.633
2789,5,11.426
2790,6,13.569
2791,7,13.973
2792,8,14.059
2793,9,11.98
2794,10,9.338
2795,11,5.968
2796,12,3.785
2797,1,3.315
2798,2,3.991
2799,3,5.755
2800,4,8.871
2801,5,11.581
2802,6,13.439
2803,7,14.293
2804,8,13.972
2805,9,11.817
2806,10,9.299
2807,11,5.919
2808,12,3.751
2809,1,3.139
2810,2,4.134
2811,3,5.245
2812,4,8.595
2813,5,11.525
2814,6,13.927
2815,7,14.89
2816,8,13.896
2817,9,12.447
2818,10,9.59
2819,11,6.056
2820,12,4.489
2821,1,3.454
2822,2,3.422
2823,3,5.931
2824,4,8.992
2825,5,11.852
2826,6,14.099
2827,7,14.798
2828,8,14.553
2829,9,12.681
2830,10,9.979
2831,11,6.295
2832,12,4.363
2833,1,2.71
2834,2,3.627
2835,3,5.792
2836,4,8.689
2837,5,11.28
2838,6,13.447
2839,7,14.612
2840,8,14.135
2841,9,12.403
2842,10,9.76
2843,11,6.179
2844,12,4.43
2845,1,3.243
2846,2,3.643
2847,3,6.73
2848,4,9.169
2849,5,11.831
2850,6,13.893
2851,7,14.784
2852,8,14.095
2853,9,12.195
2854,10,9.882
2855,11,6.92
2856,12,4.425
2857,1,3.195
2858,2,4.044
2859,3,5.574
2860,4,9.226
2861,5,11.616
2862,6,14.263
2863,7,14.987
2864,8,14.319
2865,9,12.677
2866,10,9.753
2867,11,6.44
2868,12,4.059
2869,1,3.579
2870,2,3.931
2871,3,5.952
2872,4,8.572
2873,5,11.535
2874,6,13.576
2875,7,14.139
2876,8,13.766
2877,9,11.672
2878,10,9.353
2879,11,5.889
2880,12,4.075
2881,1,3.301
2882,2,3.745
2883,3,5.923
2884,4,8.69
2885,5,11.475
2886,6,13.518
2887,7,14.595
2888,8,13.835
2889,9,11.93
2890,10,9.614
2891,11,5.738
2892,12,4.035
2893,1,3.024
2894,2,2.81
2895,3,5.731
2896,4,9.018
2897,5,11.684
2898,6,14.144
2899,7,14.658
2900,8,13.977
2901,9,12.516
2902,10,10.002
2903,11,6.788
2904,12,4.113
2905,1,3.54
2906,2,4.656
2907,3,5.956
2908,4,8.972
2909,5,11.57
2910,6,14.164
2911,7,15.116
2912,8,14.636
2913,9,12.565
2914,10,10.106
2915,11,6.761
2916,12,4.123
2917,1,2.862
2918,2,4.012
2919,3,5.524
2920,4,8.679
2921,5,11.588
2922,6,13.681
2923,7,14.827
2924,8,14.603
2925,9,12.294
2926,10,9.525
2927,11,6.547
2928,12,4.325
2929,1,3.165
2930,2,3.766
2931,3,6.012
2932,4,8.891
2933,5,11.593
2934,6,14.131
2935,7,14.565
2936,8,14.256
2937,9,12.685
2938,10,10.109
2939,11,6.841
2940,12,4.417
2941,1,3.352
2942,2,4.826
2943,3,6.023
2944,4,9.358
2945,5,12.291
2946,6,14.521
2947,7,15.34
2948,8,14.874
2949,9,12.673
2950,10,9.941
2951,11,6.404
2952,12,4.669
2953,1,3.544
2954,2,4.694
2955,3,5.53
2956,4,8.838
2957,5,11.706
2958,6,14.031
2959,7,14.853
2960,8,14.348
2961,9,12.723
2962,10,9.997
2963,11,6.592
2964,12,4.565
2965,1,2.95
2966,2,4.184
2967,3,6.219
2968,4,9.552
2969,5,11.874
2970,6,14.06
2971,7,14.848
2972,8,14.519
2973,9,12.547
2974,10,9.486
2975,11,6.312
2976,12,3.863
2977,1,3.336
2978,2,3.72
2979,3,6.208
2980,4,9.245
2981,5,12.271
2982,6,14.11
2983,7,15.161
2984,8,14.427
2985,9,12.736
2986,10,9.935
2987,11,7.319
2988,12,4.507
2989,1,4.026
2990,2,4.704
2991,3,6.772
2992,4,9.229
2993,5,12.248
2994,6,14.084
2995,7,15.354
2996,8,14.56
2997,9,12.95
2998,10,9.988
2999,11,6.892
3000,12,4.038
3001,1,3.981
3002,2,4.085
3003,3,6.048
3004,4,9.154
3005,5,12.153
3006,6,14.017
3007,7,14.983
3008,8,14.691
3009,9,12.911
3010,10,10.424
3011,11,6.727
3012,12,5.133
3013,1,3.525
3014,2,4.499
3015,3,6.321
3016,4,9.249
3017,5,11.571
3018,6,13.889
3019,7,14.312
3020,8,14.188
3021,9,12.642
3022,10,10.127
3023,11,7.315
3024,12,4.257
3025,1,3.808
3026,2,3.92
3027,3,6.544
3028,4,9.618
3029,5,12.226
3030,6,14.476
3031,7,15.19
3032,8,14.51
3033,9,13.217
3034,10,10.601
3035,11,7.423
3036,12,4.878
3037,1,3.286
3038,2,4.43
3039,3,6.329
3040,4,9.055
3041,5,11.786
3042,6,14.443
3043,7,15.042
3044,8,14.913
3045,9,12.875
3046,10,10.289
3047,11,6.955
3048,12,4.987
3049,1,4.579
3050,2,4.221
3051,3,6.485
3052,4,9.823
3053,5,12.518
3054,6,14.309
3055,7,15.23
3056,8,14.752
3057,9,12.93
3058,10,10.332
3059,11,7.084
3060,12,4.523
3061,1,2.844
3062,2,3.576
3063,3,6.906
3064,4,9.295
3065,5,12.054
3066,6,14.145
3067,7,15.174
3068,8,14.377
3069,9,12.802
3070,10,10.399
3071,11,7.224
3072,12,4.385
3073,1,3.687
3074,2,4.094
3075,3,6.086
3076,4,9.367
3077,5,12.112
3078,6,14.201
3079,7,15.231
3080,8,14.655
3081,9,13.153
3082,10,10.136
3083,11,7.031
3084,12,4.31
3085,1,3.737
3086,2,4.399
3087,3,6.738
3088,4,9.671
3089,5,12.406
3090,6,14.421
3091,7,15.213
3092,8,14.768
3093,9,12.863
3094,10,10.442
3095,11,7.487
3096,12,4.292
3097,1,3.282
3098,2,3.743
3099,3,6.101
3100,4,9.483
3101,5,11.986
3102,6,14.37
3103,7,15.482
3104,8,15.012
3105,9,12.912
3106,10,10.352
3107,11,6.814
3108,12,4.655
3109,1,3.157
3110,2,3.628
3111,3,6.023
3112,4,9.676
3113,5,12.59
3114,6,14.492
3115,7,15.076
3116,8,14.72
3117,9,13.04
3118,10,10.428
3119,11,7.156
3120,12,4.102
3121,1,3.685
3122,2,4.222
3123,3,6.261
3124,4,9.044
3125,5,12.195
3126,6,14.568
3127,7,15.003
3128,8,14.742
3129,9,13.154
3130,10,10.256
3131,11,7.424
3132,12,4.724
3133,1,3.732
3134,2,3.5
3135,3,6.378
3136,4,9.589
3137,5,12.582
3138,6,14.335
3139,7,14.873
3140,8,14.875
3141,9,13.091
3142,10,10.33
3143,11,6.713
3144,12,4.85
3145,1,3.881
3146,2,4.664
3147,3,6.74
3148,4,9.313
3149,5,12.312
3150,6,14.505
3151,7,15.051
3152,8,14.755
3153,9,12.999
3154,10,10.801
3155,11,7.433
3156,12,5.518
