DATE,PM2.5,PM10,SO2,NO2,CO,O3,TEMP,PRES,DEWP,RAIN,wd,WSPM
01/03/2013 00:00,9,9,3,17,300,89,-0.5,1024.5,-21.4,0,337.5,5.7
01/03/2013 01:00,4,4,3,16,300,88,-0.7,1025.1,-22.1,0,315,3.9
01/03/2013 02:00,7,7,NA,17,300,60,-1.2,1025.3,-24.6,0,337.5,5.3
01/03/2013 03:00,3,3,5,18,NA,NA,-1.4,1026.2,-25.5,0,0,4.9
01/03/2013 04:00,3,3,7,NA,200,84,-1.9,1027.1,-24.5,0,337.5,3.2
01/03/2013 05:00,4,4,9,25,300,78,-2.4,1027.5,-21.3,0,315,2.4
01/03/2013 06:00,5,5,10,29,400,67,-2.5,1028.2,-20.4,0,315,2.2
01/03/2013 07:00,3,6,12,40,400,52,-1.4,1029.5,-20.4,0,337.5,3
01/03/2013 08:00,3,6,12,41,500,54,-0.3,1030.4,-21.2,0,315,4.6
01/03/2013 09:00,3,6,9,31,400,69,0.4,1030.5,-23.3,0,0,5.5
01/03/2013 10:00,3,6,7,19,300,82,1.4,1030.2,-22.5,0,0,5.2
01/03/2013 11:00,6,6,7,19,400,83,2.9,1029.8,-22.9,0,337.5,5.3
01/03/2013 12:00,3,6,6,18,300,86,4,1028.6,-21.2,0,270,4.6
01/03/2013 13:00,3,6,5,16,300,91,5,1027.8,-21.2,0,315,4.5
01/03/2013 14:00,3,6,5,16,300,92,6.2,1027.6,-22.2,0,315,4
01/03/2013 15:00,3,10,5,17,300,92,6,1027.7,-21.3,0,337.5,2.1
01/03/2013 16:00,9,17,6,19,300,91,5.6,1027.7,-20.7,0,0,1.8
01/03/2013 17:00,9,22,9,21,400,87,4.4,1028.2,-20.9,0,0,3.5
01/03/2013 18:00,11,23,8,28,400,79,3.2,1029.4,-20.3,0,337.5,0.5
01/03/2013 19:00,13,17,12,42,600,63,3,1030.1,-19.7,0,0,1.1
01/03/2013 20:00,5,13,9,38,500,64,1.6,1031.3,-19,0,67.5,1.2
01/03/2013 21:00,15,17,13,51,600,48,0.8,1032.4,-19.7,0,45,1
01/03/2013 22:00,19,21,17,60,700,36,0.1,1032.9,-19.2,0,67.5,1.8
01/03/2013 23:00,8,14,16,58,600,39,-0.5,1032.8,-19.7,0,45,2.1
02/03/2013 00:00,4,11,11,45,500,52,-0.7,1033,-18.3,0,90,0.6
02/03/2013 01:00,3,6,11,43,500,53,-1.6,1033.2,-17.4,0,67.5,0
02/03/2013 02:00,3,6,10,36,400,61,-2.2,1032.9,-16.7,0,0,0
02/03/2013 03:00,3,6,11,41,500,46,-3.1,1032.6,-15.8,0,0,0
02/03/2013 04:00,3,6,9,31,400,60,-3.1,1032.7,-16.1,0,0,0
02/03/2013 05:00,9,9,10,32,500,62,-2.4,1032.1,-18.1,0,22.50,0.8
02/03/2013 06:00,3,6,15,59,600,30,-2.3,1031.3,-18.4,0,0,1.5
02/03/2013 07:00,13,13,14,45,600,47,-1.9,1031.9,-18.5,0,0,1.4
02/03/2013 08:00,3,6,19,48,600,43,-0.9,1031.7,-18,0,22.50,1.6
02/03/2013 09:00,3,6,24,49,500,44,0.1,1031.7,-18.1,0,45,0.5
02/03/2013 10:00,3,7,24,55,600,36,1.5,1031.2,-18,0,67.5,0.6
02/03/2013 11:00,4,14,18,54,700,34,2.6,1030.2,-18.2,0,225,3.1
02/03/2013 12:00,17,22,18,61,1100,32,3.8,1029,-17.8,0,202.5,1.1
02/03/2013 13:00,23,29,19,54,800,39,3.8,1027.6,-17.8,0,180,1
02/03/2013 14:00,32,34,18,48,700,47,3.9,1026.8,-18.3,0,202.5,0.4
02/03/2013 15:00,35,37,25,49,900,49,4.3,1026.2,-18,0,202.5,1.5
02/03/2013 16:00,42,52,43,60,1300,41,4.1,1025.4,-16.9,0,202.5,1.9
02/03/2013 17:00,54,69,41,62,1100,40,3.2,1025.3,-16,0,247.5,1.3
02/03/2013 18:00,56,82,43,63,1100,37,2.2,1025.4,-15.8,0,45,0.4
02/03/2013 19:00,63,92,45,72,1200,27,1.6,1025,-15.4,0,0,0.1
02/03/2013 20:00,71,98,46,80,1899,17,0.7,1025,-15.3,0,0,1
02/03/2013 21:00,79,111,61,95,1800,6,0.5,1024.8,-15.1,0,0,0.2
02/03/2013 22:00,98,121,71,112,2299,2,-1,1024.2,-14.6,0,67.5,0
02/03/2013 23:00,108,131,73,110,2600,2,-1.3,1023.2,-14.5,0,0,0
03/03/2013 00:00,115,141,70,111,2700,2,-2.2,1022.3,-12.8,0,0,0
03/03/2013 01:00,127,152,65,109,2600,2,-1.8,1021.4,-13.3,0,270,0.7
03/03/2013 02:00,132,151,64,107,2399,2,-2.4,1020.4,-13.3,0,90,1.3
03/03/2013 03:00,124,133,83,104,2399,2,-3.3,1019.4,-12.5,0,112.5,1.2
03/03/2013 04:00,112,118,92,105,2399,2,-4.2,1019,-12.6,0,90,0.1
03/03/2013 05:00,101,107,74,99,2299,2,-5.2,1018.5,-11.6,0,45,0.9
03/03/2013 06:00,88,105,80,94,2500,2,-5.4,1018.3,-11.3,0,67.5,0
03/03/2013 07:00,98,113,82,100,2899,2,-3.3,1018.6,-9.8,0,0,0.1
03/03/2013 08:00,97,124,79,95,2799,2,1.2,1018.1,-13.7,0,0,0.8
03/03/2013 09:00,95,115,102,95,2399,3,4,1017.6,-13.4,0,135,0.6
03/03/2013 10:00,91,112,102,98,2200,10,6.8,1016.7,-13.5,0,202.5,1.1
03/03/2013 11:00,98,123,83,104,2500,14,9.5,1015.6,-13.7,0,270,0.5
03/03/2013 12:00,107,134,70,111,2600,17,13.4,1014.4,-13.6,0,292.5,1.8
03/03/2013 13:00,114,130,43,85,1800,38,15.5,1013,-13.8,0,315,4
03/03/2013 14:00,81,104,19,46,1000,68,16.4,1012.4,-15.4,0,270,7
03/03/2013 15:00,49,80,7,17,500,94,16.6,1012,-15.2,0,292.5,4.7
03/03/2013 16:00,28,66,14,33,700,82,15.8,1012.2,-14.7,0,67.5,1.3
03/03/2013 17:00,41,106,24,60,1000,67,12.6,1013,-13.4,0,202.5,1.3
03/03/2013 18:00,58,106,26,74,1200,50,9.9,1014.1,-10.3,0,292.5,1
03/03/2013 19:00,87,212,58,127,2000,17,6.8,1014.9,-9.6,0,270,0
03/03/2013 20:00,142,274,56,136,2299,4,5.2,1015.2,-8.3,0,270,0
03/03/2013 21:00,152,202,45,122,2399,2,4,1015.4,-9.1,0,0,0.2
03/03/2013 22:00,143,149,29,107,2299,2,2.7,1015.8,-8.4,0,292.5,0.4
03/03/2013 23:00,80,101,32,104,3299,2,7.1,1016.7,-12.2,0,0,0.4
04/03/2013 00:00,68,110,46,109,4000,3,9.9,1017.5,-14.1,0,0,4.9
04/03/2013 01:00,61,89,21,58,900,22,9.3,1018.4,-13.9,0,337.5,3.6
04/03/2013 02:00,43,48,6.2832,20.1194,NA,94,8.4,1018.7,-13.9,0,0,1.5
04/03/2013 03:00,13,19,3,14,400,84,7.4,1018.6,-14.2,0,0,3.6
04/03/2013 04:00,6,13,8,28,500,65,6.2,1019.6,-15.2,0,337.5,2.7
04/03/2013 05:00,7,19,13,48,600,40,6,1020.1,-14.2,0,315,2.4
04/03/2013 06:00,9,23,18,61,800,27,4.2,1020.8,-12.7,0,315,2
04/03/2013 07:00,10,31,26,82,900,8,7.2,1021.5,-12.6,0,337.5,3.2
04/03/2013 08:00,11,34,27,76,1100,14,8.6,1022.3,-14.4,0,45,2.8
04/03/2013 09:00,15,25,18,40,700,55,9.9,1022.6,-14.8,0,0,2.4
04/03/2013 10:00,3,7,14,30,600,72,11.5,1022.3,-14.3,0,0,0
04/03/2013 11:00,13,15,12,25,500,80,12.3,1022,-15.4,0,0,2.4
04/03/2013 12:00,13,20,10,21,500,86,13.9,1020.6,-16.2,0,0,3.3
04/03/2013 13:00,3,9,6,18,500,92,14.8,1019.5,-15.5,0,0,1.4
04/03/2013 14:00,3,6,6,18,500,92,15.3,1018.6,-15.1,0,90,1.3
04/03/2013 15:00,4,10,6,23,500,89,15.6,1018.1,-14.8,0,202.5,2
04/03/2013 16:00,18,18,9,31,600,85,14.7,1017.5,-15.5,0,225,2.9
04/03/2013 17:00,17,24,8,33,600,102,13.2,1017.8,-15.7,0,225,3
04/03/2013 18:00,20,29,9,35,600,94,12.6,1018.3,-13.4,0,225,2.9
04/03/2013 19:00,31,60,13,53,700,68,12,1018.5,-13.1,0,247.5,2.7
04/03/2013 20:00,39,86,19,68,1000,47,10.9,1018.8,-11.9,0,135,1.4
04/03/2013 21:00,51,93,28,75,1100,42,10.2,1018.8,-11.8,0,225,2
04/03/2013 22:00,59,98,24,86,1100,32,10,1018.5,-12,0,225,3
04/03/2013 23:00,66,95,46,92,1300,102,9.4,1017.5,-11.3,0,202.5,2.7
05/03/2013 00:00,74,96,60,84,1300,102,8.8,1017,-10.7,0,202.5,2.1
05/03/2013 01:00,89,116,64,76,1399,102,7.8,1016.5,-10.6,0,157,1.3
05/03/2013 02:00,95,133,NA,71,1399,102,4.7,1016.1,-10.6,0,180,0
05/03/2013 03:00,104,136,71,78,NA,102,4.5,1015.7,-9.3,0,0,0
05/03/2013 04:00,115,138,81,NA,1200,102,1.3,1015.7,-8.8,0,112.5,1.2
05/03/2013 05:00,131,146,78,94,2100,102,0.4,1015.7,-9.6,0,67.5,0.8
05/03/2013 06:00,123,133,70,104,2700,102,-0.2,1015.5,-8.4,0,67.5,1
05/03/2013 07:00,106,139,76,102,3000,102,2.1,1015.4,-8.6,0,90,0.9
05/03/2013 08:00,107,150,75,97,3000,102,5,1015.1,-8.9,0,90,1
05/03/2013 09:00,117,165,93,106,2700,102,6.7,1014.5,-8.9,0,90,1.3
05/03/2013 10:00,131,176,86,114,2600,102,9.1,1013.8,-8.5,0,90,0.9
05/03/2013 11:00,141,177,86,126,2600,102,10.9,1012.8,-8.4,0,112.5,1.3
05/03/2013 12:00,153,190,78,143,2700,18,12.3,1011.4,-8.8,0,90,0
05/03/2013 13:00,169,198,72,152,2500,102,13,1010.1,-8.3,0,67.5,1.5
05/03/2013 14:00,169,181,68,170,2600,102,13.3,1009.5,-8,0,67.5,1.6
05/03/2013 15:00,174,198,73,204,3100,102,13.8,1009.1,-7.6,0,90,1.9
05/03/2013 16:00,194,221,82,205,3000,102,13.2,1009,-7.5,0,67.5,1.8
05/03/2013 17:00,208,243,88,189,2399,94,11.6,1009.4,-7.3,0,22.50,0.7
05/03/2013 18:00,213,249,85,170,2000,68,9.4,1009.8,-5.7,0,112.5,0.7
05/03/2013 19:00,203,236,90,187,2299,47,6.7,1010.4,-5,0,112.5,0.1
05/03/2013 20:00,209,240,92,185,2500,42,5.2,1010.7,-4.7,0,0,0
05/03/2013 21:00,222,250,104,188,2899,32,4.3,1010.5,-2.6,0,67.5,1
05/03/2013 22:00,228,245,103,184,3200,30,4.3,1010.7,-4.2,0,90,0.8
05/03/2013 23:00,227,240,111,192,3100,30,4.9,1010.5,-5.8,0,90,0
06/03/2013 00:00,236,251,111,187,3299,30,5.6,1010.4,-7,0,45,0.8
06/03/2013 01:00,245,261,97,173,2700,30,3.5,1010.2,-6,0,22.50,0.5
06/03/2013 02:00,176,220,94,172,2700,30,6.3,1009.9,-7,0,45,1
06/03/2013 03:00,168,191,89,169,2600,30,6.3,1009.6,-7,0,45,0.7
06/03/2013 04:00,155,182,84,163,2500,30,5.1,1009.5,-6.5,0,45,1
06/03/2013 05:00,152,176,86,172,2399,30,4.6,1009.8,-6.3,0,45,0.7
06/03/2013 06:00,154,181,95,163,2700,30,4.1,1010.3,-6.2,0,0,0.8
06/03/2013 07:00,190,194,105,156,2600,30,5.3,1011,-6,0,45,0.9
06/03/2013 08:00,193,199,78,134,2200,30,6.9,1010.8,-6.5,0,337.5,1.3
06/03/2013 09:00,185,200,76,129,2399,30,8.4,1010.8,-6.6,0,0,0.8
06/03/2013 10:00,138,172,74,124,2299,30,8.8,1010.4,-6.2,0,45,1.1
06/03/2013 11:00,177,177,82,130,2399,30,9.5,1009.5,-6,0,67.5,1
06/03/2013 12:00,182,197,88,138,2600,30,10.4,1008.5,-5.6,0,67.5,0.2
06/03/2013 13:00,198,220,99,149,2600,30,11.5,1007.6,-5.1,0,157,0.8
06/03/2013 14:00,221,245,107,157,2799,30,13.2,1006.9,-4.5,0,202.5,1
06/03/2013 15:00,240,258,109,162,3000,30,14.7,1007,-4.6,0,225,1.3
06/03/2013 16:00,245,261,123,164,3200,30,14.6,1007.2,-4.7,0,202.5,0
06/03/2013 17:00,239,264,128,185,3500,30,11.8,1007.9,-4.4,0,270,0.6
06/03/2013 18:00,240,275,133,185,3299,22,8.5,1008.5,-4,0,292.5,0
06/03/2013 19:00,245,289,119,183,3500,22,8.5,1009.3,-4.4,0,247.5,0.4
06/03/2013 20:00,244,292,117,178,3600,22,5.8,1009.9,-3.6,0,247.5,0.2
06/03/2013 21:00,247,293,120,173,3899,22,5.3,1009.4,-4,0,247.5,0.7
06/03/2013 22:00,248,285,124,167,4500,22,8.3,1009.3,-3.6,0,135,1.8
06/03/2013 23:00,246,283,120,163,4500,22,5,1009.4,-3.3,0,22.50,1
07/03/2013 00:00,251,280,112,158,4400,22,2.9,1009.2,-3.2,0,90,0.6
07/03/2013 01:00,245,274,114,156,4299,22,2.2,1009,-3.3,0,247.5,1.6
07/03/2013 02:00,253,278,106,151,4000,22,3.3,1008.9,-3.3,0,67.5,1.6
07/03/2013 03:00,250,272,94,144,3899,22,1.2,1008.3,-3.9,0,157,0.4
07/03/2013 04:00,242,266,86,144,4400,22,0.9,1008.5,-2.5,0,45,1.4
07/03/2013 05:00,242,264,71,139,4799,22,0.5,1008.6,-3.4,0,90,0.9
07/03/2013 06:00,242,262,66,144,5500,22,-0.4,1008.4,-3.3,0,90,0.1
07/03/2013 07:00,261,281,78,165,6200,22,2.6,1008.7,-1.8,0,0,0
07/03/2013 08:00,292,314,100,174,6599,22,8.9,1008.7,-2.1,0,112.5,0.9
07/03/2013 09:00,300,337,134,181,5299,22,9.4,1007.9,-2.6,0,90,1.1
07/03/2013 10:00,289,313,126,180,4200,22,10.5,1007.2,-2.6,0,90,1
07/03/2013 11:00,260,279,120,219,5099,22,14.7,1005.5,-2.3,0,112.5,3.2
07/03/2013 12:00,288,324,121,254,5200,22,16,1003.2,-2.5,0,157,2.7
07/03/2013 13:00,312,319,108,202,3600,38,17.9,1001.8,-3,0,202.5,2.5
07/03/2013 14:00,295,297,87,150,3299,87,18.1,1000.5,-3.4,0,225,1.8
07/03/2013 15:00,308,322,73,133,3100,105,19.5,999.3,-4.8,0,225,3
07/03/2013 16:00,243,293,48,97,2000,107,19.1,998.9,-3.8,0,157,0.9
07/03/2013 17:00,214,219,60,102,2000,107,17.3,998.5,-3.5,0,135,0.4
07/03/2013 18:00,206,224,60,127,2100,107,12.5,998.9,-2.2,0,0,0.7
07/03/2013 19:00,193,211,60,171,2399,20,11.2,999.4,-1.6,0,0,1
07/03/2013 20:00,184,244,80,221,3700,107,10.2,999.6,0.2,0,315,0.5
07/03/2013 21:00,258,349,103,257,5000,107,8.6,999.5,0.1,0,0,0.6
07/03/2013 22:00,438,552,114,258,5500,107,8.1,1000.1,-0.9,0,90,0.8
07/03/2013 23:00,520,585,110,249,5400,107,7,1000,-1.4,0,135,0.4
08/03/2013 00:00,488,518,115,241,4799,107,5.4,1000,-1.5,0,67.5,0.9
08/03/2013 01:00,450,455,106,232,4900,107,5.3,1000.2,-1.8,0,292.5,0.9
08/03/2013 02:00,362,407,100,226,4799,107,4.1,999.9,-2.3,0,292.5,0
08/03/2013 03:00,322,364,89,216,4599,107,3.5,999.8,-2.5,0,225,0.6
08/03/2013 04:00,308,336,72,189,4200,107,3.4,1000.2,-2.6,0,247.5,1
08/03/2013 05:00,296,322,55,184,4500,107,3.4,1001,-2,0,292.5,0.2
08/03/2013 06:00,123,131,60,196,4799,107,3.5,1001.6,-2.5,0,90,0.7
08/03/2013 07:00,3,6,60,190,5200,107,6.6,1002.2,-0.9,0,180,0.1
08/03/2013 08:00,3,223,69,200,6000,107,11.6,1002.3,-1.9,0,112.5,1
08/03/2013 09:00,311,373,92,199,5400,107,16.6,1002.6,-3.5,0,180,1
08/03/2013 10:00,260,197,81.1104,191.3396,NA,107,19.9,1002.4,-5.2,0,90,0.9
08/03/2013 11:00,200,203,55,188,3600,107,21.2,1002,-2.7,0,135,3.1
08/03/2013 12:00,108,114,28,120,1800,107,21.7,1001.1,-4.4,0,202.5,2.9
08/03/2013 13:00,159,202,34,113,1800,107,17.2,1001,0.8,0,135,3.5
08/03/2013 14:00,203,493,58,129,2799,107,13.8,1001.2,-0.3,0,135,4.9
08/03/2013 15:00,284,422,84,138,3299,107,11.9,1001.5,-2,0,112.5,5.1
08/03/2013 16:00,163,240,58,106,1899,104,10.9,1001.7,-1.5,0,135,2.4
08/03/2013 17:00,111,131,41,84,1200,99,9.9,1001.9,-1.5,0,157,1.6
08/03/2013 18:00,52,83,33,64,1000,99,9.2,1002.4,-1,0,135,1.3
08/03/2013 19:00,88,111,30,82,1200,99,8.4,1002.4,-2.3,0,112.5,1.9
08/03/2013 20:00,58,72,35,89,1200,99,7.2,1002.2,-3.7,0,112.5,3
08/03/2013 21:00,57,80,30,85,1300,99,6,1002,-4.5,0,112.5,1.9
08/03/2013 22:00,87,43,40,96,1600,99,5.9,1001.1,-5.1,0,180,1
08/03/2013 23:00,48,53,50,84,1700,99,5.3,999.2,-5.1,0,157,0.4
09/03/2013 00:00,50,69,51,104,2299,99,4.4,997.9,-4.9,0,157,0
09/03/2013 01:00,58,77,55,79,2399,99,3,996.9,-4.2,0,0,0.1
09/03/2013 02:00,64,93,NA,76,2399,99,2.6,995.9,-3.7,0,67.5,1.2
09/03/2013 03:00,74,98,52,89,NA,99,2.3,994.7,-4.2,0,90,0.9
09/03/2013 04:00,83,99,59,NA,2100,99,1.7,993.7,-4,0,90,0
09/03/2013 05:00,81,108,71,110,2799,99,2.4,993.9,-3.9,0,337.5,1.7
09/03/2013 06:00,104,112,69,125,3000,99,4,994.1,-3.5,0,315,1.4
09/03/2013 07:00,113,135,60,118,2399,99,5,994.7,-2.8,0,67.5,1.7
09/03/2013 08:00,110,140,60,116,2399,99,7,996,-3.3,0,157,0.4
09/03/2013 09:00,114,158,74,110,2100,99,14.3,997.3,-1.8,0,337.5,5.3
09/03/2013 10:00,151,365,92,105,2100,99,17.3,999.6,-5.9,0,337.5,7.5
09/03/2013 11:00,94,556,51,48,800,99,13.8,1002.9,-10.9,0,0,6.1
09/03/2013 12:00,77,NA,8,23,400,99,11.7,1005.8,-16.8,0,0,9.2
09/03/2013 13:00,43,587,3,19,300,99,9.9,1008.5,-19.3,0,0,6.4
09/03/2013 14:00,42,602,3,17,300,95,9.5,1009.8,-19.6,0,0,7.1
09/03/2013 15:00,38,495,3,17,300,95,9.7,1011.1,-19.4,0,337.5,4.7
09/03/2013 16:00,22,276,3,18,300,95,10,1012.8,-20.3,0,337.5,6.2
09/03/2013 17:00,17,187,3,18,300,95,8.9,1014.7,-20.1,0,337.5,6.5
09/03/2013 18:00,23,143,3,18,300,94,7.9,1017.5,-20.8,0,22.50,5.2
09/03/2013 19:00,13,94,3,19,400,94,6.9,1019.2,-20.6,0,337.5,7.1
09/03/2013 20:00,13,136,3,18,400,94,6.1,1021,-20.3,0,0,8.8
09/03/2013 21:00,12,66,3,19,400,94,5.6,1022.6,-19.9,0,0,4.5
09/03/2013 22:00,9,35,3,20,400,94,5.3,1023.1,-20.1,0,22.50,2.4
09/03/2013 23:00,9,12,3,22,400,94,4.3,1023.4,-20.1,0,22.50,1.6
10/03/2013 00:00,13,16,3,29,500,94,2.1,1022.9,-17.5,0,112.5,1.6
10/03/2013 01:00,3,10,8,40,500,94,0.2,1023.2,-16.6,0,90,0.5
10/03/2013 02:00,3,12,12,44,500,94,-1.6,1023.1,-15.8,0,0,0
10/03/2013 03:00,13,19,16,60,700,94,-0.9,1023.3,-15.9,0,0,0
10/03/2013 04:00,3,20,18,64,800,94,-1.9,1024,-14.7,0,22.50,0
10/03/2013 05:00,18,52,14,69,1000,94,-2.8,1024.1,-13.4,0,0,0
10/03/2013 06:00,22,47,17,81,2200,94,-2.1,1024.4,-13.3,0,0,0.1
10/03/2013 07:00,29,44,21,80,1500,94,3.7,1025.4,-15.6,0,247.5,3
10/03/2013 08:00,29,45,22,81,NA,94,5.7,1025.5,-16.8,0,225,2.8
10/03/2013 09:00,29,62,29,51,900,94,6.8,1025,-17.3,0,225,5.2
10/03/2013 10:00,25,52,19,41,900,94,8.7,1024.3,-17.4,0,202.5,3.1
10/03/2013 11:00,31,80,17,32,900,94,9.9,1023.7,-17.3,0,247.5,2.4
10/03/2013 12:00,28,52,18,31,700,94,11.3,1022.8,-17.2,0,225,1.3
10/03/2013 13:00,35,49,16,31,700,94,11.2,1021.7,-17.2,0,202.5,3.8
10/03/2013 14:00,35,55,13,29,600,94,11.4,1020.8,-16.1,0,202.5,3.9
10/03/2013 15:00,42,75,13,28,600,97,11.3,1020.4,-16.2,0,202.5,3.9
10/03/2013 16:00,40,72,15,30,600,97,10.8,1020.2,-14.9,0,225,4.6
10/03/2013 17:00,45,103,19,36,600,97,9.6,1020.2,-14.3,0,202.5,3
10/03/2013 18:00,50,108,19,43,700,97,8.9,1020.6,-13.5,0,202.5,3.7
10/03/2013 19:00,60,100,24,51,800,97,8.3,1020.9,-12.8,0,202.5,3.2
10/03/2013 20:00,74,130,28,75,1000,97,7.6,1021.1,-12.3,0,180,2.4
10/03/2013 21:00,78,120,26,84,1200,97,7.2,1021.2,-12.1,0,202.5,2.8
10/03/2013 22:00,81,139,34,88,1700,97,6.8,1020.6,-11.9,0,225,2.3
10/03/2013 23:00,86,133,41,79,1399,97,6.7,1020.7,-12.5,0,225,2.4
11/03/2013 00:00,92,143,60,63,1100,97,5.3,1020.5,-11.3,0,180,0.9
11/03/2013 01:00,103,156,67,74,1399,97,4.5,1020.1,-11.2,0,180,0.8
11/03/2013 02:00,104,138,67,79,1399,97,3.6,1019.3,-10.5,0,180,0.4
11/03/2013 03:00,105,143,65,71,1300,97,2.4,1019,-9.9,0,135,0.4
11/03/2013 04:00,104,135,58,78,1300,97,0.2,1018.9,-9,0,135,1.6
11/03/2013 05:00,106,141,47,76,1399,97,1.5,1018.9,-8.9,0,135,0.1
11/03/2013 06:00,99,124,52,77,1300,97,-0.2,1019.1,-8.2,0,112.5,0.8
11/03/2013 07:00,83,105,36,83,1800,97,2.1,1019.2,-7.8,0,90,0.8
11/03/2013 08:00,98,124,46,86,1500,97,5,1019.1,-8.2,0,90,0.8
11/03/2013 09:00,102,127,69,81,1399,97,6,1018.6,-8.7,0,157,2.3
11/03/2013 10:00,118,145,92,83,1500,97,7.5,1017.8,-8.6,0,90,2.2
11/03/2013 11:00,119,146,92,83,NA,97,9.1,1016.5,-9.4,0,112.5,2
11/03/2013 12:00,3,3,198,85,1899,97,10.5,1015.2,-9.3,0,180,1.9
11/03/2013 13:00,89,146,96,86,1000,97,11.6,1013.8,-7.8,0,202.5,3.1
11/03/2013 14:00,121,148,87,68,800,97,11.8,1012.8,-7.6,0,202.5,3.7
11/03/2013 15:00,106,126,84,65,800,93,11.6,1012.1,-7.8,0,247.5,3.4
11/03/2013 16:00,114,152,94,76,900,86,11,1011.3,-6.4,0,225,2.7
11/03/2013 17:00,140,199,137,89,1600,85,10.6,1011.6,-4.6,0,180,2.2
11/03/2013 18:00,141,202,79,86,1100,76,10.4,1011.9,-4.1,0,180,1.3
11/03/2013 19:00,150,200,57,88,1100,57,10.4,1012.2,-3.3,0,157,0.8
11/03/2013 20:00,165,224,64,112,1300,57,10.2,1012.4,-5,0,202.5,1.1
11/03/2013 21:00,178,229,64,116,1399,57,9.6,1011.8,-5.1,0,157,0.8
11/03/2013 22:00,136,200,52,107,1200,57,9.2,1011.5,-5.5,0,112.5,1.5
11/03/2013 23:00,103,139,40,83,900,57,8.5,1010.4,-5.4,0,112.5,0.9
12/03/2013 00:00,98,136,42,89,900,57,7.8,1009.7,-5.3,0,157,1.3
12/03/2013 01:00,115,166,56,97,1200,57,7.6,1008.8,-4.8,0,135,1.1
12/03/2013 02:00,125,164,55,89,1300,57,6.7,1007.9,-3.8,0,90,0.8
12/03/2013 03:00,120,145,53,84,1100,57,7.2,1008,-2.8,0,157,1.5
12/03/2013 04:00,113,141,52,82,1100,57,5.6,1008.6,-0.1,0.5,135,0.2
12/03/2013 05:00,131,160,41,87,1700,57,4.5,1008.3,0.8,0.3,112.5,1.7
12/03/2013 06:00,133,143,24,91,2000,57,3.8,1008.5,2,1,67.5,0
12/03/2013 07:00,124,144,18,76,1399,57,3,1008.8,1.5,2.6,202.5,0.9
12/03/2013 08:00,116,92,13,76,1300,57,3.4,1008.8,2.2,0.3,67.5,1.7
12/03/2013 09:00,117,98,12,81,1399,57,3.5,1008.6,2.3,0.1,45,1.3
12/03/2013 10:00,110,116,14,90,1600,57,3.7,1008.9,2.5,0.2,45,0.9
12/03/2013 11:00,146,116,15,93,1600,57,4,1008.7,2.7,0.1,90,1.6
12/03/2013 12:00,158,124,15,93,1700,57,4.6,1008.2,2.8,0.1,45,1.3
12/03/2013 13:00,151,112,19,89,1500,57,4.9,1008.8,3.2,0,0,1.5
12/03/2013 14:00,134,100,24,87,1300,57,5.2,1009.1,3.4,0,45,2.1
12/03/2013 15:00,134,98,21,84,1300,48,5.6,1009.3,3.8,0,90,1.5
12/03/2013 16:00,136,112,22,88,1300,40,6.5,1009.7,3.8,0.1,67.5,0
12/03/2013 17:00,138,108,23,86,1399,40,6.4,1011.3,3.5,0,45,0.8
12/03/2013 18:00,123,126,29,99,1300,36,5.3,1012.7,3.5,0,67.5,1.4
12/03/2013 19:00,123,124,28,104,1399,17,4.6,1014.3,3.4,0,202.5,0.6
12/03/2013 20:00,140,125,26,98,1399,17,4.6,1016.3,3.4,0,67.5,0.8
12/03/2013 21:00,133,117,24,92,1500,17,4.6,1017.6,3.6,0,67.5,1.9
12/03/2013 22:00,123,126,25,95,1899,17,4.1,1018.7,1.6,0,45,0.9
12/03/2013 23:00,101,127,31,83,1200,11,5.3,1019.5,-6.3,0,0,2.5
13/03/2013 00:00,38,15,32,45,300,46,4.5,1020.3,-9,0,22.50,3.5
13/03/2013 01:00,16,20,15,25,NA,76,3.4,1020.8,-9.3,0,67.5,1.6
13/03/2013 02:00,3,6,15,19,NA,76,2.3,1021.2,-9.9,0,45,1.5
13/03/2013 03:00,3,6,9,19,NA,76,1.5,1021.8,-11.3,0,45,1.1
13/03/2013 04:00,3,7,8,19,300,79,0.7,1022.6,-10.2,0,90,1.2
13/03/2013 05:00,9,10,9,28,400,79,0.3,1023.3,-10.5,0,67.5,1.5
13/03/2013 06:00,12,14,15,35,500,79,0.1,1024.4,-10.7,0,45,0.9
13/03/2013 07:00,11,20,19,59,600,79,2.2,1025.7,-11,0,67.5,1.8
13/03/2013 08:00,18,31,22,57,600,79,3,1027.1,-12.1,0,67.5,4
13/03/2013 09:00,15,30,18,43,500,79,4,1027.5,-13.4,0,67.5,3.4
13/03/2013 10:00,16,26,11,32,400,79,4.7,1027.4,-13.7,0,90,2.3
13/03/2013 11:00,12,16,7,25,400,79,5.7,1026.7,-11.9,0,90,2.9
13/03/2013 12:00,9,16,6,23,400,79,6.1,1026,-15.9,0,45,1.5
13/03/2013 13:00,16,6,5,20,400,83,7.1,1024.9,-15,0,22.50,1.4
13/03/2013 14:00,13,24,5,22,300,84,8.3,1024.3,-16.1,0,67.5,0.9
13/03/2013 15:00,9,13,6,22,300,84,8.2,1023.9,-14.8,0,135,2.8
13/03/2013 16:00,11,16,6,22,300,84,8,1024,-14.3,0,112.5,1.8
13/03/2013 17:00,18,26,7,30,500,84,7,1024.5,-14.5,0,157,1.7
13/03/2013 18:00,27,38,9,46,500,84,6,1025.3,-13.1,0,157,1.5
13/03/2013 19:00,35,48,12,54,600,84,5.6,1025.8,-12,0,180,2
13/03/2013 20:00,36,45,12,48,600,84,5,1026.3,-11.6,0,202.5,1.4
13/03/2013 21:00,33,40,11,56,600,84,4.8,1026.6,-11.8,0,180,1.8
13/03/2013 22:00,36,41,14,57,1100,84,3.8,1026.6,-6.8,0,180,3
13/03/2013 23:00,44,59,19,58,1100,84,2.4,1026.9,-4.8,0,202.5,2.9
14/03/2013 00:00,66,89,20,56,1200,84,1.6,1026.8,-5.6,0,180,3.3
14/03/2013 01:00,72,77,18,54,1399,84,0.9,1026.9,-5.8,0,135,1.3
14/03/2013 02:00,60,68,17,54,1300,84,0.2,1026.5,-6,0,135,2
14/03/2013 03:00,58,67,18,56,1300,84,-0.7,1026.2,-5.9,0,67.5,2.1
14/03/2013 04:00,58,68,19,60,1200,84,-1.2,1026.1,-4.7,0,90,1.4
14/03/2013 05:00,72,75,21,64,1300,84,-1.1,1026.4,-4.8,0,67.5,1.3
14/03/2013 06:00,61,75,21,66,1399,84,-1,1026.4,-4.2,0,67.5,0.9
14/03/2013 07:00,73,75,20,68,1500,84,-0.1,1026.8,-4.4,0,90,1.3
14/03/2013 08:00,72,80,24,70,1600,84,1.5,1026.8,-4.8,0,112.5,1.2
14/03/2013 09:00,80,93,28,69,1700,84,2.9,1026.3,-5,0,337.5,1
14/03/2013 10:00,100,114,35,73,1899,84,4.4,1025.1,-4.9,0,225,1.2
14/03/2013 11:00,115,126,41,77,1899,84,5.5,1024.2,-4.7,0,67.5,1.8
14/03/2013 12:00,126,134,47,82,1899,84,8.1,1023.1,-5.7,0,225,2.7
14/03/2013 13:00,115,119,84,66,1200,84,8.9,1021.8,-6.1,0,270,3.1
14/03/2013 14:00,111,117,109,57,1000,84,9.8,1021,-6.1,0,247.5,4.3
14/03/2013 15:00,101,113,108,54,1000,83,9.2,1020.4,-6.7,0,180,3.2
14/03/2013 16:00,102,106,107,62,1100,74,8.7,1020.1,-6.3,0,180,2.1
14/03/2013 17:00,111,116,104,66,1200,68,7.7,1020.2,-5.4,0,225,2.9
14/03/2013 18:00,116,118,84,72,1200,68,6.9,1020.4,-4.8,0,202.5,1.1
14/03/2013 19:00,117,119,72,88,1200,68,6.8,1020.6,-4.3,0,180,1.2
14/03/2013 20:00,118,119,71,94,1300,68,5.1,1020.6,-3.7,0,112.5,1.3
14/03/2013 21:00,128,133,63,105,1500,68,5,1020.5,-3.3,0,135,1.6
14/03/2013 22:00,147,160,62,105,2100,68,3.8,1020.3,-3.3,0,90,1.1
14/03/2013 23:00,161,167,63,104,2100,68,2.2,1019.8,-3.3,0,90,1.2
15/03/2013 00:00,159,163,54,101,1800,68,1.3,1019.7,-3.2,0,45,0.5
15/03/2013 01:00,138,159,47,98,2100,68,0.5,1019.2,-2.4,0,67.5,0.7
15/03/2013 02:00,177,186,53,109,2600,68,0.7,1018.6,-3,0,22.50,1
15/03/2013 03:00,196,216,64,121,3100,68,0.7,1018.3,-3,0,45,1
15/03/2013 04:00,191,207,60,113,2899,68,-0.4,1018.2,-3.1,0,45,0
15/03/2013 05:00,183,196,57,110,2700,68,-1,1018.2,-2.7,0,90,0.8
15/03/2013 06:00,169,179,72,108,2299,68,-1.2,1017.9,-2.6,0,67.5,0
15/03/2013 07:00,163,163,68,100,2700,68,1.8,1018.4,-1.8,0,112.5,0.7
15/03/2013 08:00,162,170,90,102,2399,68,3.7,1018.5,-2.3,0,67.5,1.1
15/03/2013 09:00,168,176,93,100,2299,68,5,1017.6,-2.4,0,45,1.1
15/03/2013 10:00,168,177,94,100,1899,16,7.1,1016.8,-2.6,0,225,1
15/03/2013 11:00,187,190,95,100,1899,21,8.7,1016.1,-2.3,0,0,1.5
15/03/2013 12:00,208,211,103,111,2200,24,9.9,1015,-2.8,0,157,0.5
15/03/2013 13:00,225,232,98,116,2100,68,11.1,1013.8,-2.4,0,157,1.8
15/03/2013 14:00,244,244,99,143,2399,68,11.8,1013.2,-0.7,0,157,2.1
15/03/2013 15:00,280,287,94,152,2299,60,12,1012.9,-0.5,0,202.5,1.7
15/03/2013 16:00,254,283,88,117,1899,65,12,1012.8,-0.2,0,225,2.1
15/03/2013 17:00,261,265,78,105,1800,65,11,1013.3,0.4,0,247.5,1.7
15/03/2013 18:00,275,284,71,105,1899,65,10.4,1013.9,0.4,0,225,1
15/03/2013 19:00,290,297,74,110,1899,65,8.1,1014.6,0.8,0,112.5,0.5
15/03/2013 20:00,309,314,84,117,2399,65,6.9,1015.4,1.2,0,112.5,0
15/03/2013 21:00,304,311,81,143,2299,65,6.4,1016.4,1.3,0,45,0.4
15/03/2013 22:00,281,294,82,141,2299,65,7.4,1017.1,1,0,0,0
15/03/2013 23:00,287,304,80,150,3000,65,6.9,1017.4,1.2,0,22.50,1.3
16/03/2013 00:00,355,383,81,185,3799,65,5.9,1017.6,1,0,45,0.9
16/03/2013 01:00,335,344,78,164,3100,65,7,1018,0,0,45,1.7
16/03/2013 02:00,290,319,73,153,2700,65,6.4,1018.3,-0.8,0,0,2
16/03/2013 03:00,290,296,67,147,2299,65,6.2,1018.6,-0.5,0,0,2.6
16/03/2013 04:00,275,282,62,140,2200,65,6,1019.4,-0.7,0,337.5,2.4
16/03/2013 05:00,274,275,63,132,2100,65,5.1,1020.3,-0.9,0,22.50,0.9
16/03/2013 06:00,270,271,58,128,2000,65,5.3,1021.2,-0.8,0,22.50,1.7
16/03/2013 07:00,306,267,52,129,2299,65,6.1,1022.1,-0.2,0,315,0.4
16/03/2013 08:00,296,259,54,123,2000,65,8.5,1022.3,-0.5,0,337.5,1.1
16/03/2013 09:00,289,250,66,120,2000,65,11.1,1022.3,-1,0,292.5,1
16/03/2013 10:00,273,231,86,114,1899,65,13.1,1021.7,-1.7,0,112.5,1.7
16/03/2013 11:00,242,203,92,121,2100,65,14,1021.3,-1.6,0,202.5,1.2
16/03/2013 12:00,211,181,86,98,2100,88,14,1020.3,-2.5,0,202.5,2.3
16/03/2013 13:00,178,188,89,100,2200,94,14.2,1019.2,-1.5,0,112.5,2.4
16/03/2013 14:00,194,159,76,86,2000,107,14.1,1018.3,-1.2,0,180,2.5
16/03/2013 15:00,160,170,75,88,2100,107,13.9,1017.6,-0.6,0,225,2.7
16/03/2013 16:00,186,209,81,104,2700,107,13.3,1016.8,-0.4,0,157,2.5
16/03/2013 17:00,208,172,77,101,2700,107,12.4,1016.7,2,0,135,2.4
16/03/2013 18:00,164,175,70,106,2700,107,11,1016.6,1.8,0,135,2.1
16/03/2013 19:00,172,200,59,127,2600,107,10,1016.8,2.1,0,135,2.1
16/03/2013 20:00,208,222,55,110,2399,107,9.2,1016.6,1.4,0,135,1.9
16/03/2013 21:00,260,218,57,125,2299,107,8.4,1015.9,0.4,0,157,1.7
16/03/2013 22:00,216,218,57,130,2200,107,8.1,1015,-0.2,0,202.5,0.8
16/03/2013 23:00,194,156,52,112,1899,107,7.9,1014.4,0.1,0,180,1.6
17/03/2013 00:00,153,165,49,107,1700,107,7.6,1014,0.3,0,180,0.7
17/03/2013 01:00,161,179,56,118,2000,107,6.6,1013.1,0.7,0,157,0.7
17/03/2013 02:00,216,180,56,116,2100,107,5.7,1012,0.8,0,112.5,1.1
17/03/2013 03:00,216,176,67,109,NA,107,6.6,1010.7,0.7,0,337.5,0.4
17/03/2013 04:00,212,175,60,110,NA,107,6.4,1009.9,0.5,0,202.5,0.4
17/03/2013 05:00,211,166,54,91,NA,107,6,1009.3,0.9,0,90,1
17/03/2013 06:00,173,177,50,96,NA,107,5.3,1008,0.8,0,90,1.2
17/03/2013 07:00,215,168,47,106,NA,107,5.8,1007.6,1.3,0,112.5,1
17/03/2013 08:00,176,186,51,107,NA,107,7.8,1007.3,1.4,0,135,0.8
17/03/2013 09:00,190,211,65,115,NA,107,9,1006.3,1.6,0,135,1.6
17/03/2013 10:00,200,223,81,125,NA,107,10.3,1005.2,1.9,0,157,1.5
17/03/2013 11:00,226,268,90,146,NA,107,11.9,1003.3,2.1,0,90,1
17/03/2013 12:00,275,319,110,147,NA,107,13.7,1001.9,2.3,0,135,1.9
17/03/2013 13:00,318,352,122,147,NA,107,14.9,1000.4,2.7,0,135,1.1
17/03/2013 14:00,347,374,122,140,NA,107,15.9,999.2,3,0,180,2.4
17/03/2013 15:00,362,367,105,134,NA,107,15.1,998.4,3.2,0,225,1.7
17/03/2013 16:00,404,368,92,132,NA,107,15.8,997.8,3.2,0,0,0.6
17/03/2013 17:00,396,352,78,136,NA,107,14.1,997.9,3.8,0,337.5,1.2
17/03/2013 18:00,357,358,72,145,NA,107,12.4,997.8,3.9,0,45,1.3
17/03/2013 19:00,373,391,66,160,NA,105,10.1,998,4.2,0,90,0.8
17/03/2013 20:00,394,421,59,193,NA,107,11.2,998.2,4.2,0,45,1.3
17/03/2013 21:00,417,438,60,244,NA,107,10.4,998.3,4.3,0,22.50,1.5
17/03/2013 22:00,441,475,64,236,NA,107,8.7,997.7,4.1,0,22.50,0.8
17/03/2013 23:00,509,452,66,212,NA,107,7.9,997.8,4.5,0,0,1
18/03/2013 00:00,487,452,69,197,NA,107,8.4,997.9,3.8,0,90,1.1
18/03/2013 01:00,430,430,69,216,NA,107,11.3,998,-5.7,0,0,2.4
18/03/2013 02:00,329,431,65,160,NA,107,11.7,997.9,-8.8,0,0,2.7
18/03/2013 03:00,46,142,10,52,NA,107,11.2,998.1,-10.4,0,22.50,3.8
18/03/2013 04:00,29,139,10,44,NA,107,10.3,998.7,-10.5,0,0,4.3
18/03/2013 05:00,22,116,6,35,NA,107,9.1,1000.8,-8.5,0,22.50,5.8
18/03/2013 06:00,14,99,7,33,NA,107,7.8,1002,-11,0,337.5,8.3
18/03/2013 07:00,12,64,13,34,NA,107,7.2,1003.8,-14.9,0,0,4.3
18/03/2013 08:00,3,6,4,27,NA,107,6.8,1004.9,-16.6,0,22.50,2.6
18/03/2013 09:00,3,6,3,26,NA,107,8.3,1005.9,-19.5,0,22.50,6.9
18/03/2013 10:00,3,6,3,27,NA,107,9,1006.3,-20,0,0,3.2
18/03/2013 11:00,3,6,3,20,NA,107,9.9,1006.1,-18.3,0,337.5,4.9
18/03/2013 12:00,12,6,3,21,NA,107,10.8,1005.3,-18.6,0,315,3.5
18/03/2013 13:00,10,6,5,22,NA,107,11.3,1004,-17.2,0,315,4.3
18/03/2013 14:00,12,6,6,22,NA,107,11.2,1002.8,-17.2,0,135,2.7
18/03/2013 15:00,11,6,6,25,NA,107,11.2,1002.3,-17.2,0,157,1.6
18/03/2013 16:00,12,6,7,26,NA,92,10.2,1002,-17.1,0,135,3.2
18/03/2013 17:00,3,8,5,40,NA,82,9.2,1002.6,-5.1,0,202.5,5
18/03/2013 18:00,13,71,10,45,NA,73,6.3,1003.6,-4.2,0,202.5,6
18/03/2013 19:00,73,193,35,68,NA,39,4.7,1005.4,-4.9,0,202.5,4.9
18/03/2013 20:00,45,86,21,48,NA,50,3.5,1006,-4.9,0,202.5,2.5
18/03/2013 21:00,35,56,16,46,NA,48,2.9,1006.5,-5.8,0,180,2.6
18/03/2013 22:00,32,42,15,47,NA,43,2,1006.4,-5.6,0,135,2.8
18/03/2013 23:00,32,42,15,47,NA,43,1.8,1007.5,-5.6,0,112.5,3.2
19/03/2013 00:00,29,30,14,45,NA,34,1.5,1007.8,-5.4,0,90,2.8
19/03/2013 01:00,13,30,16,52,NA,32,1.1,1008.1,-5.4,0,90,2.2
19/03/2013 02:00,14,30,14,52,NA,26,0.9,1007.8,-5.8,0,90,2
19/03/2013 03:00,30,36,14,59,NA,35,0.6,1007.9,-5.9,0,67.5,1.7
19/03/2013 04:00,11,20,11,49,NA,30,0.5,1007.5,-5.9,0,90,1.6
19/03/2013 05:00,7,19,11,49,NA,30,0.5,1007.7,-5.1,0,45,1.4
19/03/2013 06:00,9,17,12,52,NA,40,0.4,1008.3,-4.8,0,67.5,1.1
19/03/2013 07:00,6,19,11,42,NA,31,1.6,1008.9,-4.7,0,0,1.7
19/03/2013 08:00,34,49,14,66,NA,20,2.5,1009.3,-3.8,0,67.5,2.1
19/03/2013 09:00,44,68,17,67,NA,20,2.7,1009.8,-3.9,0,45,1.8
19/03/2013 10:00,47,64,17,58,NA,31,3.1,1009.9,-3.5,0,67.5,0.9
19/03/2013 11:00,63,70,13,52,NA,32,4.2,1009.5,-2.9,0,90,2.9
19/03/2013 12:00,47,56,11,49,NA,33,4.7,1009,-2.6,0,22.50,2.7
19/03/2013 13:00,47,58,13,52,NA,36,5,1009,-1.7,0,45,1.7
19/03/2013 14:00,50,63,12,50,NA,38,5.3,1009.2,-1.4,0,67.5,3.1
19/03/2013 15:00,49,52,13,49,NA,43,4.7,1009.8,-0.7,0,67.5,2.9
19/03/2013 16:00,48,66,12,51,NA,41,4.2,1010.8,1.1,0,45,1.9
19/03/2013 17:00,45,51,9,54,NA,33,2.9,1011.9,1.7,0.7,67.5,2.6
19/03/2013 18:00,42,31,6,58,NA,28,2.2,1013.4,1.3,0.5,67.5,1.4
19/03/2013 19:00,29,34,4,60,NA,21,2.1,1014.9,1.4,0.5,90,3.1
19/03/2013 20:00,63,42,4,58,NA,18,1.4,1016.3,0.8,0.7,112.5,2
19/03/2013 21:00,60,72,6,55,NA,25,0.9,1017.1,0,0.6,157,2.4
19/03/2013 22:00,72,82,5,53,NA,26,0.1,1017.9,-0.8,0.4,135,2.2
19/03/2013 23:00,73,83,5,54,NA,23,-0.5,1018.6,-1.2,0.8,135,1.6
20/03/2013 00:00,58,65,4,41,NA,21,-0.8,1019.7,-1.5,1.3,202.5,1.2
20/03/2013 01:00,41,41,5,39,NA,23,-1,1020.3,-1.6,1.6,202.5,1.1
20/03/2013 02:00,38,38,5,36,NA,22,-1.2,1020.5,-1.8,0.7,112.5,0.9
20/03/2013 03:00,33,35,5,37,NA,17,-2.2,1021.2,-2.8,0.7,90,1.4
20/03/2013 04:00,34,36,5,37,NA,20,-2.2,1021.1,-2.6,1,202.5,1.2
20/03/2013 05:00,28,37,6,34,NA,32,-4,1021.6,-4.5,0.8,202.5,0
20/03/2013 06:00,30,6,5,36,NA,20,-5.1,1021.7,-5.6,0,225,0.5
20/03/2013 07:00,19,23,5,47,NA,9,-0.6,1021.9,-1,0,180,0.7
20/03/2013 08:00,43,44,5,47,NA,13,1.5,1022.7,-1.4,0,247.5,1.5
20/03/2013 09:00,56,56,9,46,NA,20,1.9,1022.7,-2.8,0,225,2.7
20/03/2013 10:00,45,60,14,44,NA,31,3.3,1022.2,-8.1,0,315,2.8
20/03/2013 11:00,53,22,22,37,NA,48,3,1021.6,-3.8,0,247.5,2.5
20/03/2013 12:00,82,84,18,40,NA,49,3.8,1020.7,-7.1,0,337.5,0.4
20/03/2013 13:00,3,183,164,25,1800,54,4.7,1019.5,-6.5,0,225,2.1
20/03/2013 14:00,10,28,19,21,900,76,5.7,1018.5,-6.9,0,180,1.8
20/03/2013 15:00,49,30,14,21,800,77,5.4,1017.7,-5.6,0,202.5,3.1
20/03/2013 16:00,48,51,15,22,800,75,5.6,1017.2,-6.3,0,225,4.4
20/03/2013 17:00,62,41,19,27,800,72,4.9,1016.8,-4.7,0,247.5,2.9
20/03/2013 18:00,64,76,15,34,800,60,4,1016.5,-4.5,0,225,3.4
20/03/2013 19:00,70,76,12,38,900,50,3.7,1016.5,-4,0,225,4.3
20/03/2013 20:00,81,84,11,46,1000,38,3.6,1016.2,-3.9,0,180,1.8
20/03/2013 21:00,95,81,12,53,1000,32,2.9,1016,-4.1,0,180,1.7
20/03/2013 22:00,90,94,13,65,1200,19,2.7,1015.2,-4.1,0,157,1.5
20/03/2013 23:00,97,98,13,63,1100,20,2.7,1014.2,-4.1,0,202.5,1.4
21/03/2013 00:00,108,98,17,51,1000,29,2.4,1013.8,-4.1,0,180,2.2
21/03/2013 01:00,107,96,19,40,1000,34,2,1013.1,-4.3,0,202.5,2.3
21/03/2013 02:00,94,97,19,35,800,23,1.6,1012.1,-4.5,0,202.5,1.7
21/03/2013 03:00,85,75,15,44,NA,NA,0.8,1011.1,-4.2,0,157,1.1
21/03/2013 04:00,86,72,12,45,600,18,0.1,1010.4,-4,0,112.5,1
21/03/2013 05:00,90,70,10,44,900,13,-0.3,1009.9,-4.4,0,112.5,1.3
21/03/2013 06:00,96,73,10,50,900,7,-0.3,1009.5,-3.7,0,135,0.9
21/03/2013 07:00,97,79,10,54,1100,3,0.9,1008.9,-4.5,0,112.5,1.1
21/03/2013 08:00,88,95,13,49,1100,8,2.5,1007.8,-4.3,0,135,0.6
21/03/2013 09:00,98,111,20,52,1200,13,3.6,1007,-3.5,0,67.5,0.8
21/03/2013 10:00,121,129,20,65,1500,11,4.9,1005.9,-3.4,0,157,1.3
21/03/2013 11:00,137,151,20,77,1600,13,5.4,1004.9,-2.9,0,315,1.8
21/03/2013 12:00,154,169,23,83,1700,18,6.6,1003.7,-2.6,0,315,2.3
21/03/2013 13:00,174,181,26,87,1700,25,8.2,1002.3,-3,0,225,1.8
21/03/2013 14:00,173,177,36,86,1500,34,8.4,1002,-2.3,0,0,2.2
21/03/2013 15:00,185,187,38,91,1500,38,8.3,1001.7,-2.4,0,337.5,2
21/03/2013 16:00,187,195,35,97,1500,36,8.3,1001.3,-2.1,0,337.5,2.8
21/03/2013 17:00,193,202,35,108,1600,30,7.1,1002,-1.8,0,0,1.5
21/03/2013 18:00,198,211,35,118,1700,21,6.6,1003.4,-1.6,0,22.50,1.7
21/03/2013 19:00,208,225,34,125,1800,12,6.3,1004.6,-1.4,0,45,1.7
21/03/2013 20:00,208,220,31,126,1700,8,6.1,1005.4,-1.6,0,0,2.4
21/03/2013 21:00,211,213,28,118,1700,15,6.2,1006.4,-1.9,0,0,2.5
21/03/2013 22:00,192,194,26,105,1600,20,6.7,1007.7,-2,0,0,2.3
21/03/2013 23:00,177,182,30,89,1600,32,6,1008.5,-1.6,0,45,1.7
22/03/2013 00:00,173,180,31,94,1600,21,5.4,1009.6,-2.4,0,22.50,1.5
22/03/2013 01:00,161,149,34,73,1300,37,5,1010.5,-4.1,0,0,1.3
22/03/2013 02:00,124,151,32,62,1100,42,4.3,1011.2,-4.2,0,45,0.9
22/03/2013 03:00,104,151,26,52,900,46,4.5,1011.8,-6.1,0,337.5,1.5
22/03/2013 04:00,152,150,26,83,1000,21,3.2,1012.9,-5.7,0,90,2.2
22/03/2013 05:00,56,150,16,45,700,47,2.8,1013.9,-7.1,0,22.50,0.7
22/03/2013 06:00,14,147,9,27,500,67,2.7,1015.1,-9.6,0,22.50,0.9
22/03/2013 07:00,8,10,12,45,400,39,5.4,1015.9,-10.8,0,67.5,2.5
22/03/2013 08:00,10,137,12,37,400,53,6.7,1016.6,-12,0,90,2.5
22/03/2013 09:00,136,133,26,80,400,63,7.7,1016.7,-6.5,0,157,1.8
22/03/2013 10:00,132,128,26,79,400,72,7.7,1016.3,-7.6,0,157,1.5
22/03/2013 11:00,128,127,26,77,1000,52,8.6,1015.5,-7.2,0,157,2.5
22/03/2013 12:00,60,115,37,34,1100,60,9.3,1014.6,-7,0,202.5,4.3
22/03/2013 13:00,60,110,30,33,1000,66,9.6,1013.8,-5.9,0,157,3.7
22/03/2013 14:00,76,147,25,38,1100,78,9.9,1013.4,-6.5,0,225,5.3
22/03/2013 15:00,72,142,24,35,1000,84,10.2,1012.7,-5.4,0,202.5,3.4
22/03/2013 16:00,62,127,22,30,800,86,9.7,1012.2,-5.4,0,202.5,4.2
22/03/2013 17:00,73,123,22,34,800,85,9,1012.7,-5.3,0,202.5,4.1
22/03/2013 18:00,75,118,21,38,800,82,8.5,1013.2,-5.7,0,202.5,2.5
22/03/2013 19:00,67,110,19,40,800,74,7.7,1013.4,-6.1,0,157,2.3
22/03/2013 20:00,69,107,18,48,800,58,5.1,1014.4,-4.8,0,135,1.9
22/03/2013 21:00,62,98,17,44,700,47,3.9,1014.1,-4.6,0,135,2.4
22/03/2013 22:00,60,92,16,57,900,25,3,1014.1,-4.2,0,157,2
22/03/2013 23:00,66,87,15,69,1200,6,1.9,1013.7,-4.4,0,135,2
23/03/2013 00:00,62,76,16,64,1300,8,1.5,1013.1,-4.4,0,180,1.7
23/03/2013 01:00,52,66,14,66,1100,4,1.5,1012.2,-4,0,90,1.7
23/03/2013 02:00,50,59,13,65,1100,3,0.7,1011.5,-3.6,0,112.5,2.2
23/03/2013 03:00,53,56,13,63,1300,2,1.1,1010.9,-3.6,0,135,1.7
23/03/2013 04:00,53,65,14,64,1200,2,0.9,1010.1,-3.4,0,112.5,2.8
23/03/2013 05:00,54,65,15,65,1000,2,0.7,1010.1,-3.6,0,112.5,2.7
23/03/2013 06:00,52,61,14,56,900,2,0.7,1010.2,-3.8,0,90,2.2
23/03/2013 07:00,45,52,20,53,900,5,1.2,1008.7,-4.9,0,112.5,3.5
23/03/2013 08:00,47,58,24,52,1100,12,2.4,1007.8,-4.8,0,112.5,2.6
23/03/2013 09:00,46,53,31,47,1300,25,2.9,1007.5,-6,0,180,1.5
23/03/2013 10:00,80,99,39,51,1700,28,3.9,1007.2,-5.3,0,22.50,1.7
23/03/2013 11:00,86,106,55,53,1700,31,5,1006.5,-4.3,0,67.5,2.3
23/03/2013 12:00,93,115,55,55,1600,39,5.5,1005.9,-5.8,0,90,1.9
23/03/2013 13:00,89,108,58,56,1500,42,6.3,1005.8,-5.1,0,90,2.1
23/03/2013 14:00,93,111,56,62,1399,38,8,1005.6,-4.8,0,45,2.6
23/03/2013 15:00,92,128,57,62,1399,40,11.1,1005.9,-5.4,0,315,3.5
23/03/2013 16:00,94,166,53,63,1300,44,11.5,1007.7,-9.5,0,337.5,7.7
23/03/2013 17:00,63,211,31,42,700,64,9.6,1009.9,-12.3,0,0,9.3
23/03/2013 18:00,21,147,8,13,200,92,7.9,1012.1,-15,0,0,5.4
23/03/2013 19:00,15,67,4,13,200,89,6.5,1014.3,-13.7,0,337.5,5.9
23/03/2013 20:00,12,75,3,12,200,92,5.8,1016.3,-15.5,0,337.5,5.2
23/03/2013 21:00,12,37,3,10,200,97,5.2,1017.4,-16,0,22.50,2.6
23/03/2013 22:00,8,18,3,11,200,96,4.5,1018,-16.6,0,0,3.4
23/03/2013 23:00,6,18,3,9,100,97,2.9,1018.9,-14.8,0,67.5,2.8
24/03/2013 00:00,6,17,3,12,100,90,2,1019.3,-16,0,22.50,3.4
24/03/2013 01:00,7,17,5,16,200,79,1.2,1019.7,-15.3,0,67.5,2.8
24/03/2013 02:00,8,17,7,23,200,63,0.2,1019.9,-15,0,90,2.6
24/03/2013 03:00,8,14,7,25,200,55,-0.5,1019.8,-14.8,0,67.5,3.1
24/03/2013 04:00,8,11,8,30,200,50,-0.7,1020.1,-14.3,0,67.5,2.3
24/03/2013 05:00,8,12,8,30,200,49,-1.2,1020.6,-13.7,0,90,1.2
24/03/2013 06:00,8,13,6,31,200,45,0.2,1021,-13.8,0,112.5,1.2
24/03/2013 07:00,10,10,7,34,300,49,2.4,1021.4,-15.2,0,67.5,2
24/03/2013 08:00,12,17,7,24,300,65,3.6,1021.5,-17.9,0,337.5,4.4
24/03/2013 09:00,13,16,9,18,200,74,4.8,1021.3,-17.6,0,315,3.4
24/03/2013 10:00,11,12,8,12,200,84,5.9,1020.5,-17.4,0,292.5,2.2
24/03/2013 11:00,4,9,9,11,200,86,6.8,1019.5,-17.3,0,337.5,1.6
24/03/2013 12:00,10,11,11,10,200,88,8.1,1018.1,-17.9,0,0,1.4
24/03/2013 13:00,4,11,9,9,200,91,8.8,1016.4,-17.3,0,337.5,3.5
24/03/2013 14:00,5,7,6,8,200,97,9.9,1015.3,-17.3,0,22.50,2.4
24/03/2013 15:00,4,9,7,8,200,94,11,1014.5,-17.4,0,270,2.3
24/03/2013 16:00,9,14,6,12,200,92,9.5,1014.1,-15.9,0,135,1.2
24/03/2013 17:00,17,27,6,19,200,85,8.9,1014.3,-17.2,0,202.5,2.1
24/03/2013 18:00,25,47,6,27,300,80,7.3,1014.9,-15.5,0,225,3.2
24/03/2013 19:00,34,61,8,33,NA,73.4706,6.7,1016,-14.1,0,225,2.6
24/03/2013 20:00,48,86,16,42,NA,54.4068,6.3,1016.6,-13.4,0,225,2.1
24/03/2013 21:00,60,87,23,49,NA,43.2684,6,1017.1,-13.1,0,225,1.8
24/03/2013 22:00,55,76,18,48,NA,41.9832,4,1017.3,-11.6,0,112.5,0.8
24/03/2013 23:00,58,85,23,44,500,45,3.7,1018.1,-11.5,0,135,2
25/03/2013 00:00,58,85,23,45,NA,24633,2.7,1018.5,-9,0,112.5,1.8
25/03/2013 01:00,66,99,30,61,NA,11.9952,1.2,1018.9,-7.3,0,90,3.2
25/03/2013 02:00,73,117,22,67,NA,7.2828,0,1019.2,-6.4,0,67.5,1.3
25/03/2013 03:00,78,104,23.4192,58,NA,NA,-0.7,1019.3,-6.1,0,90,1.5
25/03/2013 04:00,78,103,24,63,NA,0.6426,-1.1,1019.7,-6.5,0,67.5,1.5
25/03/2013 05:00,70,94,20,64.8748,NA,0.8568,-1.9,1020.1,-6.6,0,45,0.7
25/03/2013 06:00,68,81,20,65,NA,NA,-1.2,1020.4,-6.4,0,112.5,0.9
25/03/2013 07:00,72,92,24,66,NA,1.7136,0.8,1020.6,-5.9,0,45,1.3
25/03/2013 08:00,98,137,59,69,NA,6426,2.4,1020.6,-6.5,0,157,1.3
25/03/2013 09:00,113,151,75,70,NA,12.4236,4.3,1020.1,-7.8,0,90,0
25/03/2013 10:00,111,117,69,62,NA,29988,5.9,1019.5,-9.2,0,135,1.1
25/03/2013 11:00,100,108,56,57,NA,48.8376,7.2,1018.5,-7.6,0,135,2.1
25/03/2013 12:00,115,130,59,75,NA,41.9832,8.6,1017.6,-8.9,0,180,2.5
25/03/2013 13:00,129,143,52,75,NA,56.9772,9.7,1016.3,-8,0,202.5,2.6
25/03/2013 14:00,127,142,46,74,NA,68.3298,10.2,1015.4,-8.5,0,202.5,2.9
25/03/2013 15:00,134,135,41,61,NA,92.7486,11.2,1014.8,-8.7,0,225,3.9
25/03/2013 16:00,116,119,36,51,1300,101,10.9,1014.4,-8.9,0,225,2.5
25/03/2013 17:00,111,124,36,52,1100,100,10.1,1014.5,-9.1,0,247.5,2.8
25/03/2013 18:00,109,133,32,52,1000,100,9.3,1014.6,-8.3,0,225,1.4
25/03/2013 19:00,128,157,42,67,1200,82,9,1015,-8.1,0,180,1.3
25/03/2013 20:00,141,168,42,87,1399,52,8.9,1015.2,-9.1,0,202.5,2.1
25/03/2013 21:00,120,142,35,86,1200,40,8.7,1014.7,-9.8,0,202.5,2.5
25/03/2013 22:00,100,109,31,76,1200,39,7.9,1014.4,-10,0,157,0.6
25/03/2013 23:00,94,107,37,59,900,49,7.2,1014,-10.1,0,202.5,1.6
26/03/2013 00:00,95,109,36,63,1000,39,6.4,1013.7,-10,0,180,2.4
26/03/2013 01:00,100,122,39,73,1100,24,5.7,1013.3,-9,0,180,0.6
26/03/2013 02:00,115,143,57,81,1100,9,4.9,1013,-6.4,0,202.5,1.3
26/03/2013 03:00,140,167,63,80,1200,4,3.5,1012.6,-5.2,0,202.5,0
26/03/2013 04:00,165,202,48,76,1399,3,3.8,1012.5,-3.3,0,180,0.8
26/03/2013 05:00,178,203,40,69,1300,4,3.3,1012.7,-2.5,0,225,0.7
26/03/2013 06:00,180,205,30,67,1399,2,2.2,1013,-1.6,0,225,0
26/03/2013 07:00,188,196,28,57,1399,5,4.6,1012.6,-0.6,0,157,0.8
26/03/2013 08:00,162,183,31,57,1500,6,5.8,1012.1,-0.5,0,225,1.3
26/03/2013 09:00,192,192,41,63,1600,8,6.8,1011.6,-0.4,0,157,1.8
26/03/2013 10:00,201,219,46,71,1600,13,8.1,1011.3,0.1,0,135,1.8
26/03/2013 11:00,221,235,46,78,1600,19,9.2,1010.4,-0.2,0,180,1.5
26/03/2013 12:00,225,237,49,77,1399,32,10.6,1009.2,-1.2,0,202.5,2.6
26/03/2013 13:00,224,228,54,77,1399,45,12.2,1008.1,-2.8,0,225,4
26/03/2013 14:00,186,205,68,77,1300,62,13.2,1007.1,-2.7,0,225,2.1
26/03/2013 15:00,187,206,69,78,NA,NA,13.4,1006.1,-2.2,0,202.5,1.8
26/03/2013 16:00,NA,NA,NA,NA,NA,NA,13.5,1005.3,-2.5,0,247.5,4.2
26/03/2013 17:00,3,3,NA,NA,NA,NA,13.1,1005.2,-0.9,0,225,2.2
26/03/2013 18:00,3,3,104,97,2299,42,12.2,1005.5,-0.4,0,135,0.6
26/03/2013 19:00,3,3,104,97,NA,27.6318,11,1006.1,0.7,0,112.5,0.9
26/03/2013 20:00,220,220,77,123,2299,11,9.5,1006.5,0.6,0,112.5,1.1
26/03/2013 21:00,210,210,61,130,2100,2,10.4,1006.2,1.5,0,202.5,1.6
26/03/2013 22:00,196,196,52,116,2000,3,10.5,1005.9,2.3,0,202.5,2.3
26/03/2013 23:00,152,152,36,82,1399,15,9.4,1005.5,2.3,0,202.5,2.3
27/03/2013 00:00,128,128,25,78,1300,11,8.8,1005.1,3,0,202.5,1.2
27/03/2013 01:00,125,125,21,64,1200,18,7.9,1004.8,3.2,0,157,0.9
27/03/2013 02:00,126,126,18,58,1100,18,7.3,1004.2,4.1,0,180,1.2
27/03/2013 03:00,130,130,15,58,1100,15,6.9,1003.6,4.4,0,180,1.8
27/03/2013 04:00,130,130,14,59,1100,NA,6.7,1003.3,4.4,0,157,1.6
27/03/2013 05:00,129,129,13,57,1100,NA,7,1003.4,4.5,0,157,1.2
27/03/2013 06:00,137,137,13,55,1100,8,7.1,1004.9,4.6,0,0,1
27/03/2013 07:00,188,188,12,56,1200,6,6.9,1006,4.4,0,0,1.8
27/03/2013 08:00,211,211,20,88,2000,2,7.2,1006.6,4.3,0,45,2.5
27/03/2013 09:00,211,211,20,89,NA,NA,9.6,1006.5,5.2,0,45,1.6
27/03/2013 10:00,3,3,21,66,1500,18,12.6,1005.6,2.7,0,22.50,1.9
27/03/2013 11:00,127,127,35,68,1500,38,14.4,1005,1.3,0,45,2.6
27/03/2013 12:00,152,152,46,66,1200,62,18,1004.6,-4.1,0,337.5,4.8
27/03/2013 13:00,70,70,29,34,700,97,19.1,1004,-5.8,0,315,4.2
27/03/2013 14:00,70,72,29,34,400,107,19.3,1004.3,-7.2,0,292.5,5.5
27/03/2013 15:00,16,57,8,11,300,107,18.6,1004.8,-7.8,0,0,5
27/03/2013 16:00,13,64,7,12,NA,121.2372,17,1005.6,-11.7,0,0,3.5
27/03/2013 17:00,11,65,5,14,400,107,15.2,1007.3,-14.1,0,22.50,2.4
27/03/2013 18:00,10,47,3,16,400,107,13.4,1008.6,-16.5,0,337.5,4.5
27/03/2013 19:00,12,37,3,20,400,106,12.1,1010.5,-16.5,0,22.50,4.3
27/03/2013 20:00,16,29,4,24,400,103,11,1012.4,-16.4,0,22.50,3.4
27/03/2013 21:00,16,39,4,29,400,90,9.8,1013.8,-16.5,0,67.5,3.4
27/03/2013 22:00,13,31,4,26,400,90,8.9,1015,-17.2,0,67.5,3.3
27/03/2013 23:00,13,31,4,26,400,85,8.1,1015.7,-17.1,0,67.5,4.5
28/03/2013 00:00,10,26,3,26,400,85,7.2,1016,-16.3,0,67.5,3.1
28/03/2013 01:00,10,27,4,27,300,86,6.5,1016.4,-16.2,0,67.5,2.1
28/03/2013 02:00,6,17,3,15,300,94,5.7,1016.7,-16.2,0,45,2.6
28/03/2013 03:00,7,21,4,19,300,85,5,1016.8,-15.6,0,90,1.7
28/03/2013 04:00,7,22,4,20,300,79,3.5,1017.5,-14.7,0,67.5,0
28/03/2013 05:00,8,21,4,26,300,64,3.3,1018,-15.9,0,90,0.2
28/03/2013 06:00,14,21,4,24,400,72,4.7,1018.7,-15.8,0,0,0
28/03/2013 07:00,11,16,4,30,400,66,6.1,1019.1,-16.5,0,67.5,1
28/03/2013 08:00,12,25,6,41,400,54,6.9,1019.3,-16.5,0,22.50,1.5
28/03/2013 09:00,12,25,6,41,400,63,7.7,1019.4,-18.2,0,112.5,1.2
28/03/2013 10:00,14,30,6,33,400,71,8.8,1019.1,-17.3,0,112.5,1.4
28/03/2013 11:00,21,40,6,32,500,67,9.3,1018.6,-13.2,0,270,2
28/03/2013 12:00,18,51,7,24,400,83,10.7,1017.6,-10.8,0,315,5.5
28/03/2013 13:00,19,49,9,14,400,99,11.8,1016.3,-11.1,0,292.5,3.7
28/03/2013 14:00,12,28,7,8,300,107,12.3,1015.5,-12.1,0,247.5,3.1
28/03/2013 15:00,12,22,6,10,400,105,13,1015.2,-14.8,0,315,3.6
28/03/2013 16:00,6,12,6,10,400,107,13.5,1015,-17.6,0,292.5,3.9
28/03/2013 17:00,14,20,6,13,400,107,12.9,1014.7,-18.1,0,247.5,0.8
28/03/2013 18:00,14,20,6,13,400,102,10.4,1015.7,-6.9,0,247.5,2.3
28/03/2013 19:00,52,189,14,44,800,75,9.6,1016.8,-4.4,0,247.5,3.6
28/03/2013 20:00,93,176,18,50,1000,66,8.8,1017.6,-4.4,0,247.5,2.4
28/03/2013 21:00,108,159,22,58,1200,55,8.4,1017.9,-5.1,0,247.5,2.3
28/03/2013 22:00,104,138,25,59,1200,54,7.5,1017.8,-5.9,0,270,1.2
28/03/2013 23:00,102,139,22,62,1300,44,5.7,1017.8,-5.3,0,315,1
29/03/2013 00:00,102,142,21,83,1399,18,5.1,1018.2,-5.6,0,112.5,0.8
29/03/2013 01:00,100,149,21,96,1600,2,3.5,1018.3,-5.2,0,247.5,1.1
29/03/2013 02:00,110,155,21,89,1300,2,2.8,1018,-5.1,0,135,0.9
29/03/2013 03:00,105,152,22,97,NA,NA,3.3,1018.2,-7,0,45,1.4
29/03/2013 04:00,93,127,18,97,1100,2,2.7,1018.9,-6.2,0,22.50,0.7
29/03/2013 05:00,93,127,18,82,1200,2,2,1019.5,-6.1,0,67.5,0.6
29/03/2013 06:00,100,156,22,82,1300,2,1.8,1019.9,-4.9,0,67.5,2
29/03/2013 07:00,84,134,25,68,1800,2,3.4,1020.4,-4.6,0,90,1.8
29/03/2013 08:00,88,154,39,66,2700,7,5.7,1020.3,-5.6,0,112.5,1.7
29/03/2013 09:00,102,154,54,65,2799,16,7.8,1019.8,-7.1,0,90,2.5
29/03/2013 10:00,103,154,55,65,NA,32.9868,8.3,1019.1,-10.1,0,112.5,3.6
29/03/2013 11:00,82,103,48,52,2000,52,8.7,1018.2,-8.8,0,112.5,3.6
29/03/2013 12:00,72,115,42,43,1700,69,9,1017.6,-7.7,0,180,1.1
29/03/2013 13:00,102,152,46,58,2000,58,9.5,1016.4,-7.2,0,112.5,2.2
29/03/2013 14:00,112,138,40,62,1800,58,9.9,1015.7,-8.3,0,135,0.9
29/03/2013 15:00,102,119,34,58,1399,65,9.8,1015.6,-8.3,0,67.5,3.1
29/03/2013 16:00,92,109,30,60,1200,62,9.6,1015.5,-8.1,0,112.5,2.2
29/03/2013 17:00,76,95,27,47,1000,78,9.2,1015.7,-7.1,0,90,2.1
29/03/2013 18:00,92,130,55,77,1399,48,7.6,1016.4,-3.3,0,112.5,4.1
29/03/2013 19:00,94,133,52,78,1200,50,6.5,1017.2,-3.7,0,112.5,4.4
29/03/2013 20:00,86,226,43,81,1399,18,5.3,1018.1,-3.8,0,112.5,4.3
29/03/2013 21:00,66,114,39,54,1200,35,4.7,1018.4,-4.6,0,112.5,3.2
29/03/2013 22:00,58,102,48,54,1000,32,4.2,1018.8,-6.1,0,112.5,3.1
29/03/2013 23:00,58,81,49,62,900,17,3.9,1019.4,-7.3,0,112.5,1.5
30/03/2013 00:00,58,81,49,62,900,20,3.5,1019.5,-7.6,0,90,2.4
30/03/2013 01:00,58,72,39,53,1100,25,3.2,1019,-7,0,67.5,1.8
30/03/2013 02:00,61,79,40,54,1800,23,3.1,1018.7,-7.1,0,90,1.4
30/03/2013 03:00,69,98,43,56,2000,16,3.1,1018.7,-7.7,0,67.5,1.2
30/03/2013 04:00,71,91,60,56,2299,18,2.7,1018.4,-8.1,0,67.5,0.2
30/03/2013 05:00,73,96,69,68,2399,11,2.2,1018.8,-8.2,0,22.50,0.9
30/03/2013 06:00,72,96,67,63,2700,19,2.7,1019.1,-8.4,0,0,1.2
30/03/2013 07:00,71,116,72,72,2899,17,4.8,1019.5,-8.7,0,22.50,1.6
30/03/2013 08:00,79,140,74,72,2899,20,6.1,1019.9,-7.9,0,90,2.1
30/03/2013 09:00,82,136,78,65,2700,31,6.9,1019.7,-6.8,0,112.5,2
30/03/2013 10:00,82,132,73,52,2399,51,8.1,1019.8,-5,0,112.5,3.2
30/03/2013 11:00,82,132,73,52,2100,60,8.5,1019.2,-4.7,0,90,2.9
30/03/2013 12:00,86,122,66,41,1899,75,9.8,1018.2,-4.2,0,112.5,2.7
30/03/2013 13:00,90,118,60,39,1700,86,10.3,1017.5,-3.8,0,112.5,4.1
30/03/2013 14:00,103,132,59,39,1700,97,9.7,1017,-2,0,112.5,2.6
30/03/2013 15:00,103,132,59,39,1200,99,9.5,1016.6,-1.9,0,157,2.1
30/03/2013 16:00,90,103,34,32,900,96,9.1,1016.7,-1.3,0,135,2.9
30/03/2013 17:00,86,93,30,33,800,98,7.8,1017.2,-0.2,0,112.5,3.4
30/03/2013 18:00,77,99,23,35,700,91,7.1,1017.8,-0.4,0,135,1.5
30/03/2013 19:00,81,95,18,40,700,78,6.3,1018.7,-0.5,0,112.5,3
30/03/2013 20:00,91,99,16,42,700,67,5.5,1019.8,-0.1,0,135,2.9
30/03/2013 21:00,91,99,16,42,700,65,4.8,1019.9,0,0,135,1.7
30/03/2013 22:00,76,88,13,54,800,40,4,1020,0.3,0,180,0.7
30/03/2013 23:00,79,91,12,59,800,29,4.3,1019.8,0.6,0,135,1.7
31/03/2013 00:00,85,94,13,68,900,15,4.2,1019.9,0.7,0,135,1.3
31/03/2013 01:00,90,101,14,70,1000,8,4.3,1019.5,1,0,112.5,1.4
31/03/2013 02:00,94,103,18,67,1100,8,4.3,1019,1.5,0,90,1.7
31/03/2013 03:00,97,113,21,60,1500,13,4.3,1018.6,1.8,0,112.5,1.5
31/03/2013 04:00,108,117,20,50,1500,19,3.9,1018.3,1.4,0,90,2.1
31/03/2013 05:00,110,119,19,67,1399,4,4,1018.3,1.7,0,135,1.5
31/03/2013 06:00,124,129,18,67,1200,2,3.9,1018.3,2.1,0,112.5,1.4
31/03/2013 07:00,137,143,17,62,1300,2,4.1,1018.7,2.3,0,112.5,1.8
31/03/2013 08:00,137,143,17,62,1200,4,4.3,1018.1,2.3,0,112.5,2
31/03/2013 09:00,154,174,14,55,1300,5,4.5,1017.7,2.5,0,90,2.1
31/03/2013 10:00,154,174,14,55,1300,6,5.2,1017.1,2.7,0,90,1.4
31/03/2013 11:00,188,200,16,56,1399,9,6,1016,2.8,0,67.5,2
31/03/2013 12:00,199,216,20,60,1399,15,6.4,1014.6,2.8,0,112.5,3.6
31/03/2013 13:00,213,224,22,67,1500,20,6.1,1013.5,3.1,0,90,2.1
31/03/2013 14:00,231,251,19,72,1399,13,6.3,1012.5,2.9,0,67.5,2.1
31/03/2013 15:00,248,283,17,71,1500,10,7,1011,2.9,0,67.5,2.9
31/03/2013 16:00,239,262,20,71,1500,20,7.2,1010.9,3.2,0,45,2
31/03/2013 17:00,241,257,25,80,1500,25,6.9,1010.9,3.1,0,67.5,2
31/03/2013 18:00,241,257,25,80,1500,12,6.6,1011.1,3,0,337.5,1.1
31/03/2013 19:00,239,259,26,94,1700,2,6.4,1011.3,2.8,0,0,0.7
31/03/2013 20:00,243,246,30,96,1800,2,6.4,1011.3,2.8,0,45,1.2
31/03/2013 21:00,239,245,29,91,1700,2,6.7,1011.3,2.9,0,45,1.5
31/03/2013 22:00,245,267,25,91,1899,2,6.9,1011.2,3,0,22.50,1.3
31/03/2013 23:00,237,261,26,92,2000,2,7.3,1011,3.2,0,90,1.3
01/04/2013 00:00,242,248,35,96,2200,2,7.1,1011,3.2,0,0,1.3
01/04/2013 01:00,219,248,57,103,2700,2,6.7,1010.4,3.1,0,0,1.1
01/04/2013 02:00,250,252,62,102,2600,2,6.8,1010.6,2.9,0,337.5,1.2
01/04/2013 03:00,240,252,62,101,2799,2,7.1,1010,2.6,0,112.5,3.2
01/04/2013 04:00,240,252,62,101,3100,2,5.7,1009.5,2.2,0,90,0.9
01/04/2013 05:00,226,231,76,96,3299,2,4.5,1009.8,2.4,0,90,0
01/04/2013 06:00,226,207,76,96,3299,2,4.2,1010.3,2.7,0,225,1.2
01/04/2013 07:00,201,205,73,93,3500,4,8.9,1010.2,0.3,0,90,3
01/04/2013 08:00,138,231,64,56,2000,39,13,1010.5,-4.2,0,315,2.3
01/04/2013 09:00,13,50,26,16,400,80,12.8,1011.4,-4.4,0,292.5,6.8
01/04/2013 10:00,8,49,20,10,300,84,13.3,1012.3,-3.9,0,315,7.1
01/04/2013 11:00,17,86,26,11,400,80,14.2,1012.2,-4.6,0,22.50,4.5
01/04/2013 12:00,25,61,23,14,500,84,15.2,1012.5,-4.7,0,337.5,4.9
01/04/2013 13:00,37,67,19,12,600,106,14.3,1013.3,-2.2,0,67.5,5.1
01/04/2013 14:00,37,83,16,12,700,107,15,1013.1,-3.4,0,67.5,5.1
01/04/2013 15:00,28,93,27,26,800,99,15.7,1013.7,-4.8,0,45,3.2
01/04/2013 16:00,28,93,27,26,800,107,15.7,1014.6,-6,0,67.5,1.7
01/04/2013 17:00,20,28,12,13,700,107,14.7,1015.3,-9.4,0,337.5,5.7
01/04/2013 18:00,22,22,10,15,600,107,13.4,1016,-11.2,0,337.5,4.3
01/04/2013 19:00,21,25,7,18,500,107,12.3,1017.5,-12.1,0,337.5,0.9
01/04/2013 20:00,20,26,4,20,400,94,11.5,1018.7,-13.5,0,337.5,4.1
01/04/2013 21:00,13,17,6,28,400,80,10.8,1019.2,-15.7,0,22.50,1.9
01/04/2013 22:00,8,17,3,15,300,98,9.9,1019.3,-19.3,0,0,1.4
01/04/2013 23:00,8,8,3,15,300,101,8.5,1019.7,-18.4,0,45,1.7
02/04/2013 00:00,7,7,3,11,300,106,6.5,1019.7,-16.9,0,45,1
02/04/2013 01:00,8,14,3,20,300,89,3.4,1019.2,-13.4,0,45,0
02/04/2013 02:00,10,77,3,38,400,49,2.6,1019.1,-10.3,0,0,0
02/04/2013 03:00,10,77,15,38,NA,NA,2,1018.8,-5,0,202.5,0.4
02/04/2013 04:00,63,96,23,65,900,12,4.9,1018.4,0.1,0,247.5,1.7
02/04/2013 05:00,64,129,22,63,1600,6,4.1,1018.2,1.1,0,270,1.6
02/04/2013 06:00,122,125,21,64,1800,2,5.5,1018.1,2,0,270,2.1
02/04/2013 07:00,128,131,24,65,1899,4,7.3,1017.9,2,0,270,1.9
02/04/2013 08:00,148,156,36,66,2200,9,8.8,1017.2,1.5,0,270,2.3
02/04/2013 09:00,148,156,36,66,2299,20,10.6,1016.6,1.1,0,270,1.5
02/04/2013 10:00,165,170,46,71,NA,38.3418,12.3,1015.4,0.1,0,225,2.6
02/04/2013 11:00,156,171,59,64,1899,72,13.7,1014.1,-0.7,0,225,1.7
02/04/2013 12:00,147,162,58,57,1899,100,15.7,1012.6,-2.3,0,225,4.5
02/04/2013 13:00,144,145,49,51,1600,107,17,1011.3,-1.2,0,225,2.6
02/04/2013 14:00,142,153,45,45,1399,107,18.2,1009.9,-2.7,0,202.5,3.8
02/04/2013 15:00,122,139,38,45,1200,150,18.3,1008.7,-3.2,0,225,3.5
02/04/2013 16:00,112,168,44,46,1200,148,18,1008,-3.5,0,225,3.1
02/04/2013 17:00,131,180,54,51,1399,149,17.3,1007.7,-3.5,0,247.5,4.2
02/04/2013 18:00,131,181,55,51,1200,128,16.3,1007.5,-3.3,0,202.5,2.9
02/04/2013 19:00,106,155,43,61,1100,105,15.6,1007.7,-2.9,0,202.5,2.2
02/04/2013 20:00,106,155,43,62,1100,106,14.5,1007.8,-2.9,0,180,1.4
02/04/2013 21:00,112,156,37,63,1200,75,14.2,1007.3,-2.7,0,202.5,1.8
02/04/2013 22:00,108,141,45,77,1200,54,12,1007.4,-2.3,0,135,0.8
02/04/2013 23:00,118,176,48,84,1200,49,9.4,1007.1,-2,0,135,0
03/04/2013 00:00,118,176,48,84,1300,40,7.8,1006.4,-0.9,0,0,0
03/04/2013 01:00,135,199,39,95,1399,26,7.9,1006,-0.8,0,157,0.6
03/04/2013 02:00,135,199,39,95,1600,5,6.3,1005.8,-0.9,0,112.5,0
03/04/2013 03:00,163,248,32,135,2000,2,5.1,1005.8,-0.3,0,112.5,1.4
03/04/2013 04:00,163,248,32,135,1800,2,4.4,1005.9,-0.6,0,90,0
03/04/2013 05:00,161,232,33,130,1800,2,6.4,1006.6,-1.3,0,22.50,0.5
03/04/2013 06:00,163,242,39,123,1700,2,7.3,1007.3,-0.7,0,90,1
03/04/2013 07:00,170,261,39,114,1899,3,9.6,1007.8,-0.9,0,45,1.2
03/04/2013 08:00,168,242,45,112,1899,10,12.8,1007.9,-0.8,0,67.5,2.3
03/04/2013 09:00,168,242,44,112,NA,34.9146,15.9,1008.1,-1.2,0,90,3.9
03/04/2013 10:00,129,194,52,82,1300,68,16.7,1008.6,-0.1,0,90,3.3
03/04/2013 11:00,129,194,52,82,1300,93,17.8,1008.2,0,0,112.5,5.4
03/04/2013 12:00,170,249,56,76,1399,123,18.1,1007.8,1.1,0,135,4.2
03/04/2013 13:00,177,260,60,66,1800,147,17.5,1008,0.2,0,112.5,5.6
03/04/2013 14:00,203,316,96,95,3299,127,17,1008.2,-0.3,0,157,2.9
03/04/2013 15:00,177,320,74,62,2500,143,16.2,1008.2,-2.4,0,157,5.1
03/04/2013 16:00,122,228,57,50,1500,128,15.3,1008.8,-3.6,0,157,4.2
03/04/2013 17:00,82,158,40,40,1000,123,13.8,1009.5,-4,0,157,2.9
03/04/2013 18:00,82,158,40,40,800,116,12.8,1010,-4.8,0,157,1.1
03/04/2013 19:00,48,70,21,34,700,101,12.1,1011.1,-4.5,0,157,2.5
03/04/2013 20:00,40,62,17,34,600,89,11.2,1011.4,-4.5,0,180,2.5
03/04/2013 21:00,38,60,18,39,600,71,10.3,1012.1,-4.1,0,135,0.8
03/04/2013 22:00,38,60,18,39,600,59,9.8,1011.9,-4.6,0,157,0.6
03/04/2013 23:00,36,48,22,40,700,56,9.2,1012,-5.5,0,157,2.3
04/04/2013 00:00,36,48,22,40,1000,54,8.9,1011.9,-5,0,157,1
04/04/2013 01:00,42,56,25,43,1399,56,8.9,1011.5,-5,0,157,1.6
04/04/2013 02:00,36,54,33,37,1399,61,8.7,1011.3,-5.2,0,180,1.4
04/04/2013 03:00,45,60,51,39,1700,54,8.7,1011.3,-5.2,0,180,1.1
04/04/2013 04:00,38,50,42,33,1600,60,7.7,1010.6,-4.7,0,225,1.5
04/04/2013 05:00,38,50,42,33,1800,61,7.9,1011.1,-4.6,0,292.5,0.7
04/04/2013 06:00,46,67,42,40,1800,47,8,1011,-4.5,0,247.5,0.7
04/04/2013 07:00,63,100,69,55,2399,29,8.9,1011.3,-4.3,0,247.5,0
04/04/2013 08:00,82,139,90,66,2799,22,9.4,1011.6,-4.6,0,135,0.7
04/04/2013 09:00,83,139,90,67,NA,22.0626,9.8,1011.8,-5,0,22.50,1.2
04/04/2013 10:00,73,133,87,74,2700,24,10.4,1011.1,-4.8,0,22.50,1
04/04/2013 11:00,80,150,82,74,2700,28,10.7,1010,-4.2,0,22.50,1
04/04/2013 12:00,86,156,72,76,2600,29,11.2,1009.4,-4.9,0,90,2.6
04/04/2013 13:00,86,156,72,76,2500,40,11.4,1008.9,-4.7,0,0,1.5
04/04/2013 14:00,102,168,71,71,2600,50,10.6,1008.4,-4.3,0,22.50,3.4
04/04/2013 15:00,103,189,70,85,2500,32,8,1008.6,0.9,0,0,3.2
04/04/2013 16:00,80,187,39,73,2100,31,6.7,1009,2.6,0.5,22.50,2.5
04/04/2013 17:00,76,103,24,73,2200,30,6.3,1009.7,4.3,1,337.5,2
04/04/2013 18:00,76,103,24,73,2299,14,6.3,1010,4.5,1,0,1.3
04/04/2013 19:00,71,84,20,88,2399,11,6.3,1011,4.5,1.7,45,1
04/04/2013 20:00,96,97,22,92,2500,7,6.1,1011.4,5.1,0.9,0,2.6
04/04/2013 21:00,96,97,22,92,2500,3,6.2,1011.7,5.2,0.3,0,1.8
04/04/2013 22:00,81,91,19,86,2500,4,6.3,1012,5.4,0.2,0,0.8
04/04/2013 23:00,87,96,17,80,2399,4,6.2,1012.4,5.5,1,45,1.6
05/04/2013 00:00,87,96,17,80,2299,4,6.1,1012.5,5.5,0.4,0,1.7
05/04/2013 01:00,92,98,16,78,2299,3,6.2,1013,5.5,0.4,337.5,1.3
05/04/2013 02:00,92,94,15,74,2299,2,6.3,1012.9,5.6,0.3,337.5,1.1
05/04/2013 03:00,92,94,15,74,2200,2,6.4,1012.8,5.7,0.3,0,1
05/04/2013 04:00,111,89,13,70,2200,3,6.3,1012.3,5.7,0.7,90,1
05/04/2013 05:00,111,87,14,57,2100,14,6.2,1012.3,5.6,0,45,1.3
05/04/2013 06:00,111,92,14,57,2100,14,6.2,1012.6,5.5,0,22.50,0.9
05/04/2013 07:00,117,93,15,68,2100,7,7.5,1012.9,6.3,0,315,0.9
05/04/2013 08:00,107,78,18,53,2000,17,8.6,1013.6,6.7,0,270,2.3
05/04/2013 09:00,108,90,19,53,NA,24.8472,10.6,1013.4,6.9,0,292.5,3.3
05/04/2013 10:00,104,113,29,60,2100,24,12.9,1013.3,0.3,0,315,5.7
05/04/2013 11:00,104,113,28,59,1600,38,13.8,1013.6,-4,0,315,5.2
05/04/2013 12:00,45,45,35,26,800,64,13.3,1013.5,-4.9,0,315,4.5
05/04/2013 13:00,45,45,35,26,500,81,13.6,1013.1,-5.6,0,315,5.2
05/04/2013 14:00,14,14,13,8,400,89,13,1013.2,-4.6,0,315,6.6
05/04/2013 15:00,14,14,12,7,300,93,12,1013.5,-5.5,0,315,5.5
05/04/2013 16:00,13,29,10,8,300,87,11.3,1014.4,-5.7,0,292.5,5.5
05/04/2013 17:00,13,29,10,8,300,87,10.4,1015.2,-7.8,0,337.5,6.5
05/04/2013 18:00,13,13,8,8,300,88,9.5,1016.7,-7.7,0,315,4.1
05/04/2013 19:00,4,6,4,8,300,95,8.2,1018.7,-10.2,0,337.5,3
05/04/2013 20:00,6,11,4,8,300,96,7.5,1019.6,-11.8,0,337.5,3.9
05/04/2013 21:00,6,11,4,8,300,98,6.9,1019.4,-11.8,0,337.5,3.2
05/04/2013 22:00,13,13,3,7,300,93,6.7,1019.4,-11.5,0,337.5,4.2
05/04/2013 23:00,7,14,3,7,300,91,6.4,1019.4,-10.8,0,0,2.8
06/04/2013 00:00,6,14,3,7,300,89,5.7,1018.8,-10.1,0,337.5,2.9
06/04/2013 01:00,3,6,3,7,300,86,5.8,1018,-10.5,0,337.5,4.3
06/04/2013 02:00,3,6,3,6,300,59,5.6,1017.5,-10.7,0,0,2.3
06/04/2013 03:00,3,6,3,8,NA,NA,4.9,1017,-10.4,0,337.5,1.9
06/04/2013 04:00,3,6,3,10,200,75,3,1016.8,-9.6,0,45,0.8
06/04/2013 05:00,3,6,3,24,300,64,0.9,1016.8,-7.9,0,112.5,0.6
06/04/2013 06:00,3,6,4,24,500,44,3.4,1016.9,-5.3,0,112.5,0.5
06/04/2013 07:00,10,16,6,35,500,40,7,1016.7,-10.3,0,337.5,3.5
06/04/2013 08:00,15,22,8,40,500,58,8.3,1016.2,-11.1,0,315,2.6
06/04/2013 09:00,14,16,10,30,400,65,10.1,1015.8,-9.1,0,315,3
06/04/2013 10:00,14,18,11,22,400,76,10.8,1014.8,-10.1,0,337.5,4.1
06/04/2013 11:00,13,16,8,18,300,89,11.4,1013.3,-10.8,0,315,5.6
06/04/2013 12:00,11,12,6,12,300,95,12.7,1012.1,-9.1,0,22.50,1.3
06/04/2013 13:00,9,11,7,8,300,95,14,1010.7,-11.5,0,315,4.8
06/04/2013 14:00,3,10,7,9,300,96,14.5,1009.6,-12.7,0,315,5.8
06/04/2013 15:00,6,10,8,11,300,104,15,1008.8,-11.5,0,315,2.6
06/04/2013 16:00,6,13,6,9,300,106,14.7,1008,-13.5,0,337.5,4
06/04/2013 17:00,5,13,5,10,300,110,13.2,1007.5,-11.4,0,112.5,3
06/04/2013 18:00,4,13,5,9,300,101,12.2,1007.6,-11.5,0,157,1.8
06/04/2013 19:00,20,24,6,14,400,84,11,1007.9,-10.5,0,157,0.9
06/04/2013 20:00,20,53,6,28,600,50,11.1,1008.4,-11.1,0,202.5,1.8
06/04/2013 21:00,35,71,7,44,500,62,10.9,1008.2,-11.2,0,202.5,3.4
06/04/2013 22:00,35,71,7,44,500,69,10.3,1007.9,-10,0,202.5,2.1
06/04/2013 23:00,28,47,12,34,500,60,9.2,1007.6,-9.3,0,180,1.8
07/04/2013 00:00,34,63,11,38,600,45,8.4,1007.1,-9.1,0,202.5,1.8
07/04/2013 01:00,47,73,14,47,600,39,7.8,1006.4,-8.7,0,202.5,2.4
07/04/2013 02:00,57,87,24,47,600,27,5.1,1006.1,-6.8,0,112.5,1.4
07/04/2013 03:00,60,82,14,50,600,24,5.1,1006.2,-5.9,0,90,2.2
07/04/2013 04:00,60,82,14,50,600,22,2.5,1006.7,-3,0,90,1.9
07/04/2013 05:00,59,76,15,55,1200,5,2.1,1006.8,-2.8,0,90,1.6
07/04/2013 06:00,72,120,20,70,2899,2,3.2,1007.2,-3.2,0,90,2.4
07/04/2013 07:00,90,150,20,68,2100,7,4.9,1007.2,-2.5,0,90,2.3
07/04/2013 08:00,74,96,17,59,1800,19,6.6,1006.7,-2.3,0,112.5,1.9
07/04/2013 09:00,67,94,21,53,1600,32,8.2,1005.8,-2.8,0,112.5,3.3
07/04/2013 10:00,65,93,26,50,1500,39,9.7,1005.1,-2.3,0,135,2
07/04/2013 11:00,73,103,31,52,1300,50,11.5,1003.8,0,0,337.5,1.1
07/04/2013 12:00,89,115,42,52,1300,57,13.3,1002.6,-4.4,0,180,2.1
07/04/2013 13:00,97,100,46,56,1200,66,14.2,1001.3,-5.1,0,202.5,1.7
07/04/2013 14:00,83,101,59,57,1300,82,15.5,1000.2,-5,0,202.5,1.9
07/04/2013 15:00,117,131,62,58,1399,98,16.3,999.4,-3.8,0,180,1.5
07/04/2013 16:00,132,140,64,60,1300,106,13.1,998.4,-0.6,0,112.5,4.8
07/04/2013 17:00,110,178,57,65,1100,85,12.2,999,-1.4,0,112.5,4.7
07/04/2013 18:00,84,141,43,80,1100,54,12,1001.6,-1.9,0,67.5,2.1
07/04/2013 19:00,85,130,44,77,1100,55,11.1,1002.2,-2.4,0,90,2.6
07/04/2013 20:00,93,120,48,73,1000,53,10.9,1003.9,-2.5,0,90,1
07/04/2013 21:00,89,128,52,70,1399,50,10.3,1004.9,2.9,0.1,0,4.4
07/04/2013 22:00,90,190,41,69,1200,46,9.5,1004,2.8,0,45,0.8
07/04/2013 23:00,90,190,41,69,800,57,8.7,1003.8,2.7,0,45,0.1
08/04/2013 00:00,52,45,16,41,800,39,7.1,1003.5,2.6,0,0,0
08/04/2013 01:00,39,45,14,52,700,35,6.8,1004.5,0.9,0,247.5,1.3
08/04/2013 02:00,51,22,12,54,600,39,9.6,1005.3,-11.7,0,292.5,6.2
08/04/2013 03:00,20,22,12,47,600,50,9.2,1005.7,-15.4,0,315,7.6
08/04/2013 04:00,25,148,12,36,300,99,8.2,1006.4,-18.7,0,315,6.4
08/04/2013 05:00,39,148,5,6,300,97,7.5,1007.2,-20.2,0,292.5,4.8
08/04/2013 06:00,36,136,7,7,300,97,7.5,1008.1,-19.2,0,315,4.6
08/04/2013 07:00,27,91,4,7,300,97,7.8,1008.7,-15.8,0,292.5,7.7
08/04/2013 08:00,20,121,5,9,300,93,8.9,1009.1,-14.2,0,292.5,7.8
08/04/2013 09:00,20,121,4,9,300,92,9.5,1009.1,-13.7,0,337.5,5.9
08/04/2013 10:00,17,94,3,8,300,97,10.4,1008.7,-12.3,0,292.5,6
08/04/2013 11:00,14,61,3,6,300,96,11.3,1008.8,-12.9,0,315,8.2
08/04/2013 12:00,13,104,3,5,300,101,12.2,1008.1,-12.2,0,292.5,5
08/04/2013 13:00,13,103,3,4,300,100,12.5,1008.1,-13.5,0,292.5,7.4
08/04/2013 14:00,11,95,3,4,300,99,11.9,1008.3,-14,0,292.5,8.6
08/04/2013 15:00,18,114,3,4,300,97,10.9,1008.7,-13.3,0,315,6.7
08/04/2013 16:00,23,247,3,8,300,94,11.3,1009.1,-14.5,0,292.5,7.3
08/04/2013 17:00,23,247,3,8,300,92,10.4,1009.9,-15.2,0,292.5,7
08/04/2013 18:00,23,289,3,8,300,93,9.6,1010.9,-15.1,0,292.5,5.6
08/04/2013 19:00,16,143,3,9,300,89,9.2,1011.8,-15.4,0,292.5,5.5
08/04/2013 20:00,21,124,3,13,300,93,8.7,1012.3,-13.7,0,315,7.3
08/04/2013 21:00,15,113,3,10,300,92,8.5,1012.5,-13.9,0,315,8.5
08/04/2013 22:00,12,171,3,9,300,94,7.8,1012.2,-12.6,0,270,6.8
08/04/2013 23:00,14,79,3,7,300,92,7.3,1012.2,-12,0,292.5,4.1
09/04/2013 00:00,12,64,3,6,300,90,7,1012.1,-11.2,0,292.5,7.6
09/04/2013 01:00,14,53,5,7,300,92,6.6,1012.1,-10.7,0,315,5.3
09/04/2013 02:00,13,35,5,7,300,91,6.4,1012.3,-10.8,0,292.5,5.7
09/04/2013 03:00,10,36,6,6,300,91,6,1013.2,-10.7,0,315,4.7
09/04/2013 04:00,10,21,6,7,300,91,5.7,1013.9,-11,0,315,3.7
09/04/2013 05:00,11,18,6,7,300,92,5.7,1014.7,-11,0,315,2.9
09/04/2013 06:00,5,12,6,7,400,94,6.4,1015.1,-11.3,0,292.5,5.6
09/04/2013 07:00,10,14,6,7,400,89,7.6,1015.9,-10.2,0,315,2.7
09/04/2013 08:00,13,16,5,11,400,88,7.9,1016.6,-10.5,0,315,6.5
09/04/2013 09:00,11,23,5,12,400,90,9,1017.1,-10,0,315,5.1
09/04/2013 10:00,14,35,5,8,300,92,9.6,1016.9,-10,0,315,7.1
09/04/2013 11:00,11,27,4,6,300,95,11.1,1016.4,-9.9,0,315,5.7
09/04/2013 12:00,11,27,4,6,300,97,11.4,1016.1,-10.2,0,292.5,4.1
09/04/2013 13:00,15,16,3,6,300,101,12.1,1016.3,-9.6,0,315,5.1
09/04/2013 14:00,13,26,3,6,300,102,11.8,1016,-9.9,0,292.5,5.4
09/04/2013 15:00,12,26,3,7,300,101,10.9,1015.9,-10.6,0,315,6.6
09/04/2013 16:00,14,30,4,10,300,96,10.6,1016.4,-9.2,0,315,5.9
09/04/2013 17:00,14,36,3,9,300,94,9.5,1016.8,-9.6,0,315,5.2
09/04/2013 18:00,13,40,4,11,400,92,8.6,1017.3,-9.4,0,292.5,3.9
09/04/2013 19:00,13,40,4,11,400,88,8.4,1018.2,-13.3,0,315,3.1
09/04/2013 20:00,15,21,4,15,400,84,7.9,1018.9,-13.1,0,315,1.9
09/04/2013 21:00,13,9,4,21,400,92,7.5,1019,-12.9,0,337.5,2.9
09/04/2013 22:00,8,9,3,17,400,86,6.8,1019.1,-12.4,0,315,3.2
09/04/2013 23:00,11,14,4,19,400,77,6.3,1018.8,-11.4,0,315,2.6
10/04/2013 00:00,15,19,3,24,400,72,5.8,1018.5,-11.3,0,337.5,3.8
10/04/2013 01:00,14,20,4,25,400,71.5428,5.3,1018.2,-10.9,0,315,2.6
10/04/2013 02:00,13,19,4,22,400,51.8364,5.3,1017.9,-10.5,0,292.5,3.6
10/04/2013 03:00,12,18,7.14,19,NA,NA,5.1,1017.7,-9.9,0,292.5,4.6
10/04/2013 04:00,12,22,7,22,300,70.9002,4.9,1017.6,-9.3,0,315,3.1
10/04/2013 05:00,11,18,7,18.2717,300,70.4718,4.5,1017.6,-9,0,315,2.7
10/04/2013 06:00,11,16,6,18,300,73.6848,5.8,1017.7,-9.3,0,315,2.7
10/04/2013 07:00,9,12,6,16,400,71.3286,6.9,1017.6,-9.5,0,315,4.7
10/04/2013 08:00,12,16,7,19,400,70.0434,8.3,1017.4,-9.6,0,315,3.4
10/04/2013 09:00,15,16,7,14,400,81.1818,9.6,1017.1,-10,0,315,6
10/04/2013 10:00,14,15,7,14,300,90.3924,10.4,1016.3,-9.9,0,315,4.6
10/04/2013 11:00,14,20,5,7,300,89.5356,11.2,1015.1,-11.6,0,337.5,3.7
10/04/2013 12:00,9,16,5,10,300,87.6078,11,1014.3,-11.8,0,315,6
10/04/2013 13:00,17,24,4,7,300,94.0338,11.2,1014,-10.4,0,337.5,3.3
10/04/2013 14:00,16,23,3,6,300,92.7486,12,1013.2,-10.3,0,0,6.2
10/04/2013 15:00,12,70,3,6,300,94.0338,12,1012.6,-11,0,337.5,5
10/04/2013 16:00,13,15,3,11,200,110.9556,12,1012.4,-12.4,0,22.50,3.6
10/04/2013 17:00,12,15,3,13,300,106.8858,11.2,1012.8,-13,0,22.50,1.9
10/04/2013 18:00,13,29,3,17,300,103.0302,10.5,1013.2,-12.9,0,337.5,1.5
10/04/2013 19:00,15,25,3,22,300,97.0326,9.2,1013.8,-13.9,0,337.5,1.7
10/04/2013 20:00,18,31,4,39,500,74.97,7.8,1014.5,-11.6,0,270,1.2
10/04/2013 21:00,31,45,5,61,700,44.1252,6.1,1014.9,-11.1,0,270,1
10/04/2013 22:00,23,43,5,81,800,17.5644,4.7,1015,-10.6,0,270,0
10/04/2013 23:00,23,43,5,82,1000,5.5692,3.8,1015.1,-9.9,0,270,0.5
11/04/2013 00:00,30,55,8,86,1000,5355,3.5,1015.2,-8.5,0,270,0.7
11/04/2013 01:00,30,49,6,85,1000,4284,6.5,1015.2,-11.2,0,315,2.1
11/04/2013 02:00,31,58,7,89,1100,4.4982,6.4,1015.1,-10.8,0,315,1.5
11/04/2013 03:00,31,56,9,95,800,3.6414,6.2,1015.1,-10.6,0,292.5,2.3
11/04/2013 04:00,27,53,10,90,700,3213,6.1,1015.2,-11.1,0,292.5,2.8
11/04/2013 05:00,20,51,11,86,700,3213,5.6,1015.6,-11.5,0,292.5,2.2
11/04/2013 06:00,20,40,16,85,800,7.0686,7.6,1016.4,-11.7,0,315,1.5
11/04/2013 07:00,21,40,18,77,1200,15.8508,9.1,1016.4,-12.1,0,337.5,2.8
11/04/2013 08:00,25,56,20,67,900,42.6258,10.4,1016.8,-12.3,0,315,4.1
11/04/2013 09:00,26,34,20,54,600,88.6788,11.7,1016.6,-11.9,0,315,5.3
11/04/2013 10:00,14,22,14,25,500,100.4598,12.4,1015.9,-11.3,0,315,4.6
11/04/2013 11:00,12,25,8,13,400,109.4562,13.9,1015,-12.4,0,337.5,4.7
11/04/2013 12:00,13,26,8,10,NA,115668,15.1,1014.2,-13.2,0,315,4.2
11/04/2013 13:00,19,28,6,8,300,119.7378,15.5,1013.4,-13.8,0,0,4.5
11/04/2013 14:00,15,19,5,7,300,128.0916,16.7,1012.4,-12.9,0,22.50,2.7
11/04/2013 15:00,10,16,2856,5.5431,NA,130662,16.7,1011.8,-14,0,22.50,2.8
