Ve.	Go.
Vete.	Go.
Vaya.	Go.
Váyase.	Go.
Id.	Go.
Vayan.	Go.
Váyanse.	Go.
Hola.	Hi.
¡Corre!	Run!
¡Corran!	Run!
¡Huye!	Run!
¡Corra!	Run!
¡Corred!	Run!
Corra.	Run.
Corred.	Run.
¿Quién?	Who?
¡Órale!	Wow!
¡Inclínate!	Duck!
¡Agáchate!	Duck!
¡Agáchese!	Duck!
¡Agáchense!	Duck!
¡Agachaos!	Duck!
¡Fuego!	Fire!
¡Incendio!	Fire!
¡Disparad!	Fire!
¡Ayuda!	Help!
¡Socorro! ¡Auxilio!	Help!
¡Auxilio!	Help!
Escóndete.	Hide.
¡Salta!	Jump!
Salte.	Jump.
Salto.	Jump.
Quédate.	Stay.
Quédese.	Stay.
Quédense.	Stay.
Quedaos.	Stay.
¡Parad!	Stop!
¡Para!	Stop!
¡Pare!	Stop!
¡Espera!	Wait!
¡Esperen!	Wait!
¡Espérate!	Wait!
Esperen.	Wait.
Espera.	Wait.
Espere.	Wait.
Esperad.	Wait.
Empieza.	Begin.
Hacedlo.	Do it.
Continúa.	Go on.
Continúe.	Go on.
¡Date prisa!	Hurry!
¡Daos prisa!	Hurry!
Dese prisa.	Hurry!
Me oculté.	I hid.
Me escondí.	I hid.
Me ocultaba.	I hid.
Me escondía.	I hid.
Corrí.	I ran.
Corría.	I ran.
Lo intento.	I try.
¡He ganado!	I won!
¡He ganado yo!	I won!
¡Oh, no!	Oh no!
Tomátelo con soda.	Relax.
Tranquila.	Relax.
¡Disparen!	Shoot!
Dispara.	Shoot!
¡Dispara!	Shoot!
¡Dispará!	Shoot!
¡Dispare!	Shoot!
Sonríe.	Smile.
¿Disculpa?	Sorry?
¡Al ataque!	Attack!
¡Atacad!	Attack!
¡Ataque!	Attack!
¡Ataquen!	Attack!
¡Ataca!	Attack!
Cómprela.	Buy it.
Cómpralo.	Buy it.
Cómetelo.	Eat it.
Coméoslo.	Eat it.
Cómaselo.	Eat it.
Cómanselo.	Eat it.
Exhalar.	Exhale.
Espira.	Exhale.
Espirad.	Exhale.
Espire.	Exhale.
Espiren.	Exhale.
¡No os mováis!	Freeze!
¡No te muevas!	Freeze!
¡No se muevan!	Freeze!
¡No se mueva!	Freeze!
Levanta.	Get up.
Ve ahora mismo.	Go now.
Id ahora mismo.	Go now.
Vaya ahora mismo.	Go now.
Vayan ahora mismo.	Go now.
Ve ya.	Go now.
Id ya.	Go now.
Vaya ya.	Go now.
Vayan ya.	Go now.
¡Lo tengo!	Got it!
¿Lo pillas?	Got it?
¿Entendiste?	Got it?
Él corrió.	He ran.
Corrió.	He ran.
Métete adentro.	Hop in.
Abrázame.	Hug me.
Me preocupo.	I care.
Me caí.	I fell.
Huí.	I fled.
Me escapé.	I fled.
Huía.	I fled.
Me escapaba.	I fled.
Yo lo sé.	I know.
Sé.	I know.
Salí.	I left.
Mentí.	I lied.
Perdí.	I lost.
Pagué.	I paid.
Dimito.	I quit.
Renuncié.	I quit.
Lo dejo.	I quit.
Canté.	I sang.
Lloré.	I wept.
Lloraba.	I wept.
Estoy trabajando.	I work.
Tengo diecinueve.	I'm 19.
Estoy levantado.	I'm up.
Inhalar.	Inhale.
Inspira.	Inhale.
Inspirad.	Inhale.
Inspire.	Inhale.
Inspiren.	Inhale.
Escucha.	Listen.
Escuche.	Listen.
Escuchen.	Listen.
¡No puede ser!	No way!
De ninguna manera.	No way!
¡De ninguna manera!	No way!
¡Imposible!	No way!
¡De ningún modo!	No way!
¡De eso nada!	No way!
¡Ni cagando!	No way!
¡Mangos!	No way!
¡Minga!	No way!
¡Ni en pedo!	No way!
¿En serio?	Really?
¿La verdad?	Really?
¡Gracias!	Thanks!
Gracias.	Thanks.
Pruébalo.	Try it.
A que sí, ya verás.	Try me.
Comimos.	We ate.
Lo procuramos.	We try.
Ganamos.	We won.
¿Por qué yo?	Why me?
Pregúntale a Tom.	Ask Tom.
Pregúntale.	Ask him.
Mantente en calma.	Be calm.
Estate tranquilo.	Be cool.
Sé justo.	Be fair.
Sé bueno.	Be good.
Sé buena.	Be good.
Sed buenas.	Be good.
Sed buenos.	Be good.
Sea buena.	Be good.
Sea bueno.	Be good.
Sean buenas.	Be good.
Sean buenos.	Be good.
Sean gentiles.	Be kind.
Sé amable.	Be kind.
Sea amable.	Be kind.
Sean amables.	Be kind.
Sed amables.	Be kind.
Sé agradable.	Be nice.
¡Pírate!	Beat it!
Pírate.	Beat it.
Entiérralo.	Bury it.
Llamame.	Call me.
Llamadme.	Call me.
Llámame.	Call me.
Llámanos.	Call us.
Entre.	Come in.
Pase.	Come in.
¡Entren!	Come in.
¡Ándale!	Come on!
Ándale.	Come on.
Suéltalo.	Drop it!
Dóblalo.	Fold it.
Agarra a Tom.	Get Tom.
Bájate.	Get out!
Sal.	Get out.
Salid.	Get out.
Salgan.	Get out.
Fuera.	Get out.
¡Vete de aquí!	Go away!
¡Lárgate!	Go away!
¡Salga de aquí!	Go away!
¡Largo!	Go away!
¡Vete ya!	Go away!
¡A la calle!	Go away!
Lárguese.	Go away.
Ve atrás.	Go back.
Vete a casa.	Go home.
Vaya despacio.	Go slow.
¡Hasta luego!	Goodbye!
Hasta la vista.	Goodbye!
¡Chau!	Goodbye!
¡Espera un momento!	Hang on!
¡Un segundo!	Hang on!
Agarra fuertemente.	Hang on.
Él vino.	He came.
Se fue.	He left.
Ayúdame.	Help me!
Échame una mano.	Help me.
Ayudame.	Help me.
Ayúdanos.	Help us.
¡Hola, Tom!	Hi, Tom.
Golpea a Tom.	Hit Tom.
Sujétalo.	Hold it.
Sostenlo.	Hold it.
Sostenedlo.	Hold it.
Sosténgalo.	Hold it.
Sosténganlo.	Hold it.
Sosténganla.	Hold it.
Sosténgala.	Hold it.
Sostenla.	Hold it.
Sostenedla.	Hold it.
Resista.	Hold on.
Resiste.	Hold on.
Sujeta.	Hold on.
Detente.	Hold up.
Abraza a Tom.	Hug Tom.
Estoy de acuerdo.	I agree.
De acuerdo.	I agree.
Opino lo mismo.	I agree.
Me incliné.	I bowed.
Disparé.	I fired.
Me congelé.	I froze.
Me helé.	I froze.
Me quedé quieto.	I froze.
Me he mudado.	I moved.
Me mudé.	I moved.
Me trasladé.	I moved.
Me he trasladado.	I moved.
Dormí.	I slept.
Lo intenté.	I tried.
Iré.	I'll go.
Soy Tom.	I'm Tom.
Estoy gordo.	I'm fat.
Soy gorda.	I'm fat.
Estoy en forma.	I'm fit.
Estoy afectado.	I'm hit!
Estoy enojado.	I'm mad.
Estoy enojada.	I'm mad.
Estoy loco.	I'm mad.
Soy viejo.	I'm old.
Soy tímido.	I'm shy.
Estoy mojada.	I'm wet.
Está bien.	It's OK.
Soy yo.	It's me!
¡Soy yo!	It's me!
Únete a nosotros.	Join us.
Sé parte nuestra.	Join us.
Únase a nosotros.	Join us.
Guárdalo.	Keep it.
Pasa desapercibido.	Lie low.
Echa el cerrojo.	Lock it.
Echa el candado.	Lock it.
Yo también.	Me, too.
Yo, también.	Me, too.
Abre.	Open up.
Empújala.	Push it.
Empújalo.	Push it.
Empújadlo.	Push it.
Empújadla.	Push it.
Empújelo.	Push it.
Empújela.	Push it.
Empújenlo.	Push it.
Empújenla.	Push it.
Nos vemos.	See you.
Hasta luego.	See you.
Muéstramelo.	Show me.
Enséñamelo.	Show me.
Mostrame.	Show me.
Muéstrame.	Show me.
¡Cierra la boca!	Shut up!
¡Cállense!	Shut up!
¡Ya cállate!	Shut up!
¡Cerrá el pico!	Shut up!
Sáltatelo.	Skip it.
Páralo.	Stop it.
Detenlo.	Stop it.
Cógelo.	Take it.
Dímelo.	Tell me.
Decime.	Tell me.
Dime.	Tell me.
Decídmelo.	Tell me.
Cuéntame.	Tell me.
Tom comió.	Tom ate.
Tom corrió.	Tom ran.
Tom ganó.	Tom won.
Espérame despierto.	Wait up.
¡Despierta!	Wake up!
¡Despiértate!	Wake up!
¡Despertate!	Wake up!
Despierta.	Wake up.
Lávate las manos.	Wash up.
Nos preocupamos.	We care.
Lo sabemos.	We know.
Perdimos.	We lost.
Bienvenido.	Welcome.
Bienvenidos.	Welcome.
Bienvenidas.	Welcome.
¿Quién comió?	Who ate?
¿Quién corría?	Who ran?
¿Quién corrió?	Who ran?
¿Quién ganó?	Who won?
¿Quién ha ganado?	Who won?
¿Por qué no?	Why not?
Corre.	You run.
Has ganado.	You won.
¿Estoy gordo?	Am I fat?
¿Estoy gorda?	Am I fat?
Preguntales.	Ask them.
Pregúntales.	Ask them.
Aparta.	Back off!
¡Retrocede!	Back off!
Apártate.	Back off.
Sé un hombre.	Be a man.
Sé fuerte.	Be brave.
Sé breve.	Be brief.
Sea breve.	Be brief.
Sean breves.	Be brief.
Estate quieto.	Be quiet.
No te muevas.	Be still.
¡Llamalo a Tomás!	Call Tom.
¡Llámalo a Tomás!	Call Tom.
¡Llámenlo a Tomás!	Call Tom.
¡Anímate!	Cheer up!
Anímate.	Cheer up!
Venga.	Cheer up.
¡Cálmate!	Cool off!
Espósale.	Cuff him.
Excava aquí.	Dig here.
No te vayas.	Don't go.
Bébelo.	Drink it.
Encontralo a Tomás.	Find Tom.
Encuéntralo a Tomás.	Find Tom.
Encuéntrelo a Tomás.	Find Tom.
Encuéntrenlo a Tomás.	Find Tom.
Encuentre a Tom.	Find Tom.
Encuentren a Tom.	Find Tom.
Arregla esto.	Fix this.
¡Abajo!	Get down!
¡Al suelo!	Get down!
Abajo.	Get down.
Túmbate.	Get down.
¡Piérdete!	Get lost!
Esfúmate.	Get lost.
¡Piénsalo bien!	Get real!
Abre los ojos.	Get real.
Adelante.	Go ahead!
Entra.	Go on in.
Entren.	Go on in.
Entrá.	Go on in.
Entrad.	Go on in.
¿Subes?	Going up?
¡Buen trabajo!	Good job!
Sujeta a Tom.	Grab Tom.
Agárralo.	Grab him.
Diviértanse.	Have fun.
Pásala bien.	Have fun.
Pásenla bien.	Have fun.
Él habló.	He spoke.
Él lo intenta.	He tries.
Él prueba.	He tries.
Ayuda a Tom.	Help Tom.
Hola, ¿qué hay?	Hi, guys.
Ey, chavales.	Hi, guys.
¿Qué pasa, troncos?	Hi, guys.
Buenas.	Hi, guys.
¿Qué tal os va?	Hi, guys.
Hola por aquí.	Hi, guys.
¡Qué encanto!	How cute!
¿Qué tan profundo?	How deep?
¿Cómo de profundo?	How deep?
Hazme el favor.	Humor me.
Compláceme.	Humor me.
Apresúrate.	Hurry up.
Daos prisa.	Hurry up.
Apúrese.	Hurry up.
Convine.	I agreed.
Acepté.	I agreed.
Accedí.	I agreed.
Estoy viejo.	I am old.
Me lo comí.	I ate it.
Me la comí.	I ate it.
Puedo ir.	I can go.
Maldije.	I cursed.
Despotriqué.	I cursed.
Lo hice bien.	I did OK.
Lo hice.	I did it.
Fracasé.	I failed.
Fallé.	I failed.
Lo olvidé.	I forgot.
Me las arreglo.	I get by.
Lo entiendo.	I get it.
Lo tengo.	I got it.
Lo tenía.	I had it.
Ayudé.	I helped.
Salté.	I jumped.
Miré.	I looked.
Llamé por teléfono.	I phoned.
Recé.	I prayed.
Me niego.	I refuse.
Renuncio.	I resign.
Me senté.	I sat up.
Lo vi.	I saw it.
Me rasuré.	I shaved.
Suspiré.	I sighed.
Sonreí.	I smiled.
Me quedé.	I stayed.
Hablé.	I talked.
Hablaba.	I talked.
Charlé.	I talked.
Charlaba.	I talked.
Yo lo uso.	I use it.
Esperé.	I waited.
Yo pagaré.	I'll pay.
He vuelto.	I'm back.
Estoy de vuelta.	I'm back.
¡He vuelto!	I'm back.
Soy calvo.	I'm bald.
Estoy calvo.	I'm bald.
Estoy calmado.	I'm calm.
Estoy tranquilo.	I'm cool.
Soy sordo.	I'm deaf.
He terminado.	I'm done.
Estoy acabado.	I'm done.
Soy bastante facilón.	I'm easy.
Soy justo.	I'm fair.
Estoy perfectamente.	I'm fine.
¡Soy libre!	I'm free!
¡Yo soy libre!	I'm free!
Yo soy libre.	I'm free.
Estoy lleno.	I'm full.
Estoy llena.	I'm full.
Ya me llené.	I'm full.
Estoy aquí.	I'm here.
Yo estoy aquí.	I'm here.
Estoy en casa.	I'm home.
Estoy herido.	I'm hurt.
Llego tarde.	I'm late.
Soy vago.	I'm lazy.
Estoy perdida.	I'm lost.
Soy malo.	I'm mean.
Me toca a mí.	I'm next.
Soy pobre.	I'm poor.
Soy rica.	I'm rich.
Soy rico.	I'm rich.
Estoy a salvo.	I'm safe.
Estoy enferma.	I'm sick.
Soy flaca.	I'm thin.
Soy delgado.	I'm thin.
Soy flaco.	I'm thin.
Estoy limpio.	I'm tidy.
Soy fea.	I'm ugly.
Estoy calentito.	I'm warm.
Estoy débil.	I'm weak.
Soy listo.	I'm wise.
Gané.	I've won.
Se ha roto.	It broke.
Eso ayuda.	It helps.
Duele.	It hurts.
Funciona.	It works.
Es Tom.	It's Tom.
Es grande.	It's big.
Es divertido.	It's fun.
Es suyo.	It's his.
Es nuevo.	It's new.
Es extraño.	It's odd.
Es viejo.	It's old.
Es rojo.	It's red.
Es triste.	It's sad.
Es té.	It's tea.
Prohibido pasar.	Keep out!
No entrar.	Keep out.
Besá a Tomás.	Kiss Tom.
Besa a Tomás.	Kiss Tom.
Besen a Tomás.	Kiss Tom.
¡Déjalo!	Leave it.
Déjalo.	Leave it.
Déjame.	Leave me.
Déjanos.	Leave us.
Vámonos.	Let's go!
Vamos.	Let's go!
¡Vamos!	Let's go!
Cuidado.	Look out!
Cásate conmigo.	Marry me.
¿Puedo ir?	May I go?
¡Qué porquería!	Nonsense!
¡Tonterías!	Nonsense!
Salva a Tom.	Save Tom.
Ella vino.	She came.
Ella murió.	She died.
Murió.	She died.
Ella se marchó.	She left.
Ella corre.	She runs.
¡Sentate!	Sit down!
¡Sentaos!	Sit down!
Siéntate.	Sit down.
Sentate.	Sit down.
Siéntense.	Sit down.
Sentate acá.	Sit here.
Siéntate aquí.	Sit here.
¡Hable más fuerte!	Speak up!
Habla más fuerte.	Speak up!
¡Habla más alto!	Speak up!
Prepárate.	Stand by.
Un momento.	Stand by.
¡Parate!	Stand up!
¡De pie!	Stand up!
Detén a Tom.	Stop Tom.
Llévate a Tom.	Take Tom.
Díselo a Tom.	Tell Tom.
¡Genial!	Terrific!
Ellos ganaron.	They won.
Tom vino.	Tom came.
Tom murió.	Tom died.
Tom ha muerto.	Tom died.
Tom se cayó.	Tom fell.
Tom lo sabía.	Tom knew.
Tom tenía constancia de ello.	Tom knew.
Tom se fue.	Tom left.
Tom mintió.	Tom lied.
Tom mentía.	Tom lied.
Tomás miente.	Tom lies.
Tom perdió.	Tom lost.
Tom pagó.	Tom paid.
Tom renunció.	Tom quit.
Tom cantó.	Tom sang.
Tom escupió.	Tom spit.
Tom nadó.	Tom swam.
Tom lloró.	Tom wept.
Tom se ha levantado.	Tom's up.
Demasiado tarde.	Too late.
¡Confía en mí!	Trust me!
Confía en mí.	Trust me.
Inténtalo de veras.	Try hard.
Prueba un poco.	Try some.
Pruebe un poco.	Try some.
Prueben un poco.	Try some.
Prueben esto.	Try this.
Probá esto.	Try this.
Prueba esto.	Try this.
Usa esto.	Use this.
Avísale a Tom.	Warn Tom.
Avísele a Tom.	Warn Tom.
Avísenle a Tom.	Warn Tom.
Avisale a Tom.	Warn Tom.
Mírame.	Watch me.
Vigílame.	Watch me.
Obsérvame.	Watch me.
Obsérvanos.	Watch us.
Estamos de acuerdo.	We agree.
Lo intentamos.	We tried.
Iremos.	We'll go.
Estamos bien.	We're OK.
¿Para qué?	What for?
¡Qué divertido!	What fun!
¿Y ahora qué?	What now?
¿Quién soy yo?	Who am I?
¿Quién soy?	Who am I?
¿Quién vino?	Who came?
¿Quién murió?	Who died?
¿Quién se calló?	Who fell?
¿Quién se cayó?	Who fell?
¿Quién perdió?	Who lost?
¿Quién pagó?	Who paid?
¿Quién se ha ido?	Who quit?
¿Quién lo ha dejado?	Who quit?
¿Quién nadó?	Who swam?
¿Quién es él?	Who's he?
Escríbeme.	Write me.
Perdiste.	You lost.
Has perdido.	You lost.
Perdisteis.	You lost.
Habéis perdido.	You lost.
Perdió usted.	You lost.
Ha perdido usted.	You lost.
Perdieron ustedes.	You lost.
Han perdido ustedes.	You lost.
Después de ti.	After you.
Tú primero.	After you.
Usted primero.	After you.
Después de usted.	After you.
Después de vosotros.	After you.
Después de vosotras.	After you.
Apunta. ¡Fuego!	Aim. Fire!
Respóndeme.	Answer me.
Respondedme.	Answer me.
Respóndanme.	Answer me.
Sé sincero.	Be honest.
Los pájaros vuelan.	Birds fly.
Jesús.	Bless you.
¡Llama a casa!	Call home!
¡Tranquilo!	Calm down!
Cálmate.	Calm down.
Tranquilízate.	Calm down.
Ponte en paz.	Calm down.
Bajá un cambio.	Calm down.
¿Podemos ir?	Can we go?
¿Podemos irnos?	Can we go?
¿Podemos marcharnos?	Can we go?
¡Atrápelo a Tomás!	Catch Tom.
Captúralo.	Catch him.
Captúrenlo.	Catch him.
Atrápenlo.	Catch him.
Atrápalo.	Catch him.
Relájese.	Chill out.
Vuelve.	Come back.
Vení.	Come here.
Ven.	Come here.
Venid aquí.	Come here.
Que vengas.	Come here.
Ven a casa.	Come home.
Vente.	Come over.
Veníos.	Come over.
Venga aquí.	Come over.
Vuelve pronto.	Come soon.
¿Yo gané?	Did I win?
¿Gané?	Did I win?
Hazlo ahora.	Do it now.
Hazlo inmediatamente.	Do it now.
Hazlo ya.	Do it now.
Hazla ya.	Do it now.
Los perros ladran.	Dogs bark.
No preguntes.	Don't ask.
No llores.	Don't cry.
¡No llorés!	Don't cry.
¡No llores!	Don't cry.
No lloren.	Don't cry.
No lloréis.	Don't cry.
No llore.	Don't cry.
No llorés.	Don't cry.
¡No te mueras!	Don't die.
No os muráis.	Don't die.
No se mueran.	Don't die.
No mintáis.	Don't lie.
No corras.	Don't run.
Perdone.	Excuse me.
Discúlpeme.	Excuse me.
¿Perdón?	Excuse me?
¡Fantástico!	Fantastic!
¡Es estupendo!	Fantastic!
Tienta esto.	Feel this.
Tiente esto.	Feel this.
Tienten esto.	Feel this.
Tentad esto.	Feel this.
Tentá esto.	Feel this.
Sígueme.	Follow me.
Seguidme.	Follow me.
Síguenos.	Follow us.
¡Olvídalo!	Forget it!
Olvídame.	Forget me.
Olvídate de mí.	Forget me.
Olvídenme.	Forget me.
Olvídense de mí.	Forget me.
Preparaos.	Get ready.
Ponte a ello.	Get to it.
Ve a por ello.	Go for it.
Ve a cogerlo.	Go for it.
Vete a por ello.	Go get it.
Id a por ello.	Go get it.
Vete a la cama.	Go to bed.
Agarra esto.	Grab this.
Coge alguno.	Have some.
Toma algo.	Have some.
Tome alguno.	Have some.
Él es viejo.	He is old.
Él es anciano.	He is old.
Él se afeitó.	He shaved.
Sonrió.	He smiled.
Él es DJ.	He's a DJ.
Él es veloz.	He's fast.
Él es bueno.	He's good.
Él es rico.	He's rich.
Es rico.	He's rich.
Acá estoy.	Here I am.
Sostén esto.	Hold this.
¡Qué horror!	How awful!
¡Qué raro!	How weird!
¿Cómo está Tom?	How's Tom?
Divierte a Tom.	Humor Tom.
Soy bueno.	I am good.
Estoy saludable.	I am well.
Te lo ruego.	I beg you.
Te lo suplico.	I beg you.
Eructé.	I belched.
Puedo volar.	I can fly.
Puedo correr.	I can run.
Sé correr.	I can run.
Sé esquiar.	I can ski.
Cambié.	I changed.
Yo cambié.	I changed.
Tosí.	I coughed.
Sentí vergüenza.	I cringed.
Exhalé.	I exhaled.
Perdí la consciencia.	I fainted.
Quedé inconsciente.	I fainted.
Lo dejé.	I gave up.
Me rendí.	I gave up.
Tiré la toalla.	I gave up.
Cedí.	I gave up.
Te entiendo.	I get you.
Te pillo.	I get you.
Ya te pillo.	I get you.
Me dieron.	I got hit.
Me alcanzaron.	I got hit.
Me he mojado.	I got wet.
Me mojé.	I got wet.
Lo odio.	I hate it.
Me la seca.	I hate it.
Me la baja.	I hate it.
Golpeé a Tom.	I hit Tom.
Golpeo a Tom.	I hit Tom.
Eso espero.	I hope so.
Me apuré.	I hurried.
Me arrodillé.	I kneeled.
Me arrodillaba.	I kneeled.
Lo sabía.	I knew it.
Me reí.	I laughed.
Me gusta.	I like it.
A mí me gusta.	I like it.
Lo perdí.	I lost it.
¡Lo adoro!	I love it!
Me encanta.	I love it.
Hablo en serio.	I mean it!
Lo digo en serio.	I mean it.
Conocí a Tom.	I met Tom.
Me encontré con Tom.	I met Tom.
Lo echo en falta.	I miss it.
Lo echo de menos.	I miss it.
Lo añoro.	I miss it.
Lo necesito.	I need it.
Dije que no.	I said no.
Vi a Tom.	I saw Tom.
Le vi.	I saw him.
Vi uno.	I saw one.
Vi a uno.	I saw one.
Veía a uno.	I saw one.
Te vi.	I saw you.
Te he visto.	I saw you.
Veo a Tom.	I see Tom.
Grité.	I shouted.
Estornudé.	I sneezed.
Me detuve.	I stopped.
Paré.	I stopped.
Me tropecé.	I tripped.
Estuve triste.	I was sad.
Era tímido.	I was shy.
Me desperté.	I woke up.
Lo haría.	I'd do it.
Yo cocinaré.	I'll cook.
Yo guisaré.	I'll cook.
Viviré.	I'll live.
Cantaré.	I'll sing.
Me quedaré.	I'll stay.
Yo me quedo.	I'll stay.
Pararé.	I'll stop.
Lo dejaré.	I'll stop.
Esperaré.	I'll wait.
Aguardaré.	I'll wait.
Caminaré.	I'll walk.
Andaré.	I'll walk.
Voy a trabajar.	I'll work.
Soy un niño.	I'm a boy.
Soy un hombre.	I'm a man.
Soy hombre.	I'm a man.
Soy un pro.	I'm a pro.
Soy veterinario.	I'm a vet.
Soy veterinaria.	I'm a vet.
Estoy solo.	I'm alone.
Estoy sola.	I'm alone.
Yo estoy solo.	I'm alone.
Yo estoy sola.	I'm alone.
Estoy enfadado.	I'm angry.
Estoy despierto.	I'm awake.
Soy ciega.	I'm blind.
Soy valiente.	I'm brave.
Estoy sin dinero.	I'm broke.
Estoy quebrado.	I'm broke.
Estoy sin blanca.	I'm broke.
No tengo blanca.	I'm broke.
Soy limpio.	I'm clean.
Estoy loca.	I'm crazy.
Estoy borracho.	I'm drunk.
Estoy tomada.	I'm drunk.
Estoy prendida.	I'm drunk.
Me estoy muriendo.	I'm dying.
Soy el primero.	I'm first.
Voy el primero.	I'm first.
Me toca primero.	I'm first.
Yo voy primero.	I'm first.
Soy feliz.	I'm happy.
Estoy feliz.	I'm happy.
Soy amado.	I'm loved.
Soy amada.	I'm loved.
Tengo suerte.	I'm lucky.
Estoy acostado.	I'm lying.
Estoy desnudo.	I'm naked.
Soy obeso.	I'm obese.
¡Estoy listo!	I'm ready!
Estoy listo.	I'm ready.
Ya estoy.	I'm ready.
Lo siento.	I'm sorry.
Disculpa.	I'm sorry.
Yo estoy cansado.	I'm tired.
Yo estoy cansada.	I'm tired.
Soy tuyo.	I'm yours.
Soy tuya.	I'm yours.
Soy suyo.	I'm yours.
He perdido.	I've lost.
Ólvidalo.	Ignore it.
No hagas caso.	Ignore it.
¿Tom está bien?	Is Tom OK?
¿Está bien Tom?	Is Tom OK?
¿Está Tom?	Is Tom in?
¿Es ese Tom?	Is he Tom?
¿Él es Tom?	Is he Tom?
¿Es grave?	Is it bad?
¿Es malo?	Is it bad?
¿Está lejos?	Is it far?
¿Está caliente?	Is it hot?
¿Está picante?	Is it hot?
¿Es rojo?	Is it red?
¿Eres tú?	Is it you?
Se quemó.	It burned.
No lo consiguió.	It failed.
Falló.	It failed.
Fracasó.	It failed.
Flota.	It floats.
Diluviaba.	It poured.
Llovió.	It rained.
Nevó.	It snowed.
Apesta.	It stinks.
Funcionó.	It worked.
Son las 8:30.	It's 8:30.
Es un televisor.	It's a TV.
Hace frío.	It's cold.
Está frío.	It's cold.
Está fresco.	It's cool.
Está oscuro.	It's dark.
¡Está listo!	It's done!
¡Ya está!	It's done!
Es justo.	It's fair.
Está perfecto.	It's fine.
Esto es gratis.	It's free.
Es bueno.	It's good.
Es duro.	It's hard.
Está aquí.	It's here.
Es de ella.	It's hers.
Es tarde.	It's late.
Es mío.	It's mine.
Es mía.	It's mine.
Es agradable.	It's nice.
Hace buen tiempo.	It's nice.
Vale.	It's okay.
Es nuestro.	It's ours.
Es la nuestra.	It's ours.
Se terminó.	It's over.
Se acabó.	It's over.
Está terminado.	It's over.
Ha llegado el momento.	It's time.
Es la hora.	It's time.
Es el momento.	It's time.
Ha llegado la hora.	It's time.
¡Es verdad!	It's true!
Es verdad.	It's true.
Esto es cierto.	It's true.
Es mi trabajo.	It's work.
Es trabajo.	It's work.
Quedate tranquilo.	Keep calm.
Guárdalos.	Keep them.
Quédatelos.	Keep them.
Guárdenselos.	Keep them.
Guarda esto.	Keep this.
Guarde esto.	Keep this.
Guardá esto.	Keep this.
Guardad esto.	Keep this.
Guarden esto.	Keep this.
Mantente caliente.	Keep warm.
Manténgase caliente.	Keep warm.
Mantenete caliente.	Keep warm.
Mantenete abrigado.	Keep warm.
Mantente abrigado.	Keep warm.
Manténgase abrigado.	Keep warm.
Manténganse calientes.	Keep warm.
Manténganse abrigados.	Keep warm.
Dejalo a Tomás.	Leave Tom.
Déjalo a Tomás.	Leave Tom.
Déjelo a Tomás.	Leave Tom.
¡Sal inmediatamente!	Leave now!
Ahora márchate.	Leave now.
Ahora vete.	Leave now.
Ahora lárgate.	Leave now.
¡Déjame marchar!	Let me go!
¡Suéltame!	Let me go!
¡Déjeme ir!	Let me go!
Déjame entrar.	Let me in.
Déjeme entrar.	Let me in.
Déjanos entrar.	Let us in.
Comamos.	Let's eat.
A ver.	Let's see.
Veamos.	Let's see.
¡Intentémoslo!	Let's try!
Túmbate en silencio.	Lie still.
Mantente quieto en el suelo.	Lie still.
Escuchá.	Listen up.
Mirá para otro lado.	Look away.
Mira para otro lado.	Look away.
Mire para otro lado.	Look away.
Miren para otro lado.	Look away.
¡Mira hacia atrás!	Look back!
Mira atrás.	Look back.
Mire atrás.	Look back.
Mirad atrás.	Look back.
Mira aquí.	Look here.
Mirad aquí.	Look here.
Miren aquí.	Look here.
Aflójalo.	Loosen it.
Suéltala.	Loosen it.
Aflójala.	Loosen it.
Hazte a un lado.	Move over.
Deja sitio.	Move over.
Mueve el culo.	Move over.
Deja pasar.	Move over.
¡Buen tiro!	Nice shot!
¡Por supuesto!	Of course!
¡Fuego a discreción!	Open fire!
¿Perdona?	Pardon me?
¿Disculpe?	Pardon me?
Por favor, ve.	Please go.
Por favor, vete.	Please go.
Por favor, márchate.	Please go.
Por favor, váyase.	Please go.
Póntelo.	Put it on.
Póngaselo.	Put it on.
Ponéoslo.	Put it on.
Pónganselo.	Put it on.
Lee esto.	Read this.
Lea esto.	Read this.
Lean esto.	Read this.
Leed esto.	Read this.
Descansa aquí.	Rest here.
Decí hola.	Say hello.
A mí que me registren.	Search me.
Véase arriba.	See above.
Véase más arriba.	See above.
¡A por él!	Seize him!
¡Cogedlo!	Seize him!
¡Arrestadlo!	Seize him!
¡Prendedlo!	Seize him!
¡Capturadlo!	Seize him!
Ella lo intentó.	She tried.
Ella lo probó.	She tried.
Ella anda.	She walks.
Ella camina.	She walks.
Anda.	She walks.
Ella es candente.	She's hot.
Está como un tren.	She's hot.
Está de toma pan y moja.	She's hot.
Está buena.	She's hot.
Está que cruje.	She's hot.
Firme aquí.	Sign here.
Firma esto.	Sign this.
Firme esto.	Sign this.
Firmen esto.	Sign this.
Firmá esto.	Sign this.
Firmad esto.	Sign this.
Siéntate y no te muevas.	Sit still.
Siéntate y quédate quieto.	Sit still.
Sentate ahí.	Sit there.
Tú mantente.	Sit tight.
Quieto.	Slow down.
Más despacio.	Slow down.
Aléjate.	Stay away.
Mantén la calma.	Stay calm.
Mantené la calma.	Stay calm.
Quedate acá.	Stay here.
Quédate en casa.	Stay home.
Mantente delgado.	Stay thin.
Da un paso atrás.	Step back.
Pará acá.	Stop here.
Para aquí.	Stop here.
Párate aquí.	Stop here.
Detente aquí.	Stop here.
Deténgase aquí.	Stop here.
