source_archive_member,image_id,class,output_file,source_sha256,bmp_sha256
ISBI2016_ISIC_Part3_Training_Data/ISIC_0000000.jpg,ISIC_0000000,benign,isic2016/benign/ISIC_0000000.bmp,153b10f7b8b82bf80badbfdf73a544312637a1950e2dad97822a69b739b6aa1e,f7a1ac16ee8a943a77bf98c42542a6ecc5c6e4b5a89c751da303c24028a2e5f5
ISBI2016_ISIC_Part3_Training_Data/ISIC_0000001.jpg,ISIC_0000001,benign,isic2016/benign/ISIC_0000001.bmp,6180745ca3044c6267b58dd77ae821fca7df549c64bb65d0591e088f67b84547,209bf012c323b97da15cd4d4caa6d8dc1d1b45d524ebaf9c195b4acc75e490df
ISBI2016_ISIC_Part3_Training_Data/ISIC_0000006.jpg,ISIC_0000006,benign,isic2016/benign/ISIC_0000006.bmp,755896e5f1593d8b705f3c54c9b2632c7ba894eb89c36281f809564fc31d3d85,40c7eeb2852dbd804f5e8c6bf91fdff755b30d5a68a5bbaf3e8f4cb52db35c48
ISBI2016_ISIC_Part3_Training_Data/ISIC_0000007.jpg,ISIC_0000007,benign,isic2016/benign/ISIC_0000007.bmp,2d3fe1d91afb6dcf7f21893ec8bfaf42b8ed885026bf88afe7ffe7e42b24c8a6,66825f7ccff9c4d86c724a783e6f6581addfc1a3018c6bfb5459e6aacf2bbb18
ISBI2016_ISIC_Part3_Training_Data/ISIC_0000008.jpg,ISIC_0000008,benign,isic2016/benign/ISIC_0000008.bmp,ea32fb2afa394ecb3befa3cc435c855450f1ec017cc87b9a9a72f97c6a6c4f01,52f1b98c2198383e3ced66c54bec3ade1fa4e9c9c28f26526ff2bac343b4f840
ISBI2016_ISIC_Part3_Training_Data/ISIC_0000009.jpg,ISIC_0000009,benign,isic2016/benign/ISIC_0000009.bmp,015c14af831773d16b5f3ce87aa1ddbc6be7efd0d856bd2bac2c7a4fd3f5309a,93b908c0230b99b5f55632eeff0e6732c90c02cc0d703644f4090bb9a194180f
ISBI2016_ISIC_Part3_Training_Data/ISIC_0000010.jpg,ISIC_0000010,benign,isic2016/benign/ISIC_0000010.bmp,55dbef9891a8766e52b448397d3578a20cdc012f231bbdb2b46cac317ff74eaa,a4109fd9dc520d7debe7d6b5f70660b84189d3fa8e0c8a8757c96c4ef78d0928
ISBI2016_ISIC_Part3_Training_Data/ISIC_0000011.jpg,ISIC_0000011,benign,isic2016/benign/ISIC_0000011.bmp,89b4ad94bf50ed5d37e7cafab8fc98adcb302da85853c67672ebaca0fcb1d526,4c98f872389a675f0771e84b989ad17f7219ee18ae7187e47aa3c823ab01dba4
ISBI2016_ISIC_Part3_Training_Data/ISIC_0000016.jpg,ISIC_0000016,benign,isic2016/benign/ISIC_0000016.bmp,15f76d37c756cc77129d6d5f54f9e9990f33bc78678a73fe3337fd17520b2410,c5a30fa390e562ea65fea00ef3a7b07263a7807505bf66018f2ed9318104cb8b
ISBI2016_ISIC_Part3_Training_Data/ISIC_0000017.jpg,ISIC_0000017,benign,isic2016/benign/ISIC_0000017.bmp,4ee5446da3b757c809fddc15647f80d28f1a716879811e22bcaf8b2c42d42338,9184425a835c60d1f1ddf2c4d01b91260e89ccd8cde3166b063fb86dfb6e0f22
ISBI2016_ISIC_Part3_Training_Data/ISIC_0000018.jpg,ISIC_0000018,benign,isic2016/benign/ISIC_0000018.bmp,8d207f610f33367debb007d07fe7aba13af0206a13a89653a9b9ed46bab562c9,e652829793364ab4b80c2d7c92781d07558de5455e9bd9e4af67a5a44ce572f0
ISBI2016_ISIC_Part3_Training_Data/ISIC_0000019.jpg,ISIC_0000019,benign,isic2016/benign/ISIC_0000019.bmp,f8c2c876474ac264a0bfe665e420e3902ea8d13305cb8ba780c8566142041c6a,95637384a8444dab80529bb446ccddad8695e501d5c368031b1804b19ddca5ab
ISBI2016_ISIC_Part3_Training_Data/ISIC_0000021.jpg,ISIC_0000021,benign,isic2016/benign/ISIC_0000021.bmp,df7522de3d1bbfbe7a8e83240898cbeb63c5807d59d9f8ad50cfbc73629e893f,9c8c8e2454bc2701551467b357d6c126290893e5e53d8eea622107bf33042591
ISBI2016_ISIC_Part3_Training_Data/ISIC_0000024.jpg,ISIC_0000024,benign,isic2016/benign/ISIC_0000024.bmp,9545f02cfc565bfb13e184d68b3bd6528ffb70f73fdc7d4d7d0cb700818a8364,95df72b591b5f10aa68ecc6e1816b18026d4f72ae5732c89ceab1fab9702196d
ISBI2016_ISIC_Part3_Training_Data/ISIC_0000025.jpg,ISIC_0000025,benign,isic2016/benign/ISIC_0000025.bmp,5fd39f65bde3971aaa9eeb2b4955c38b05c5f3b1a3f9763b215bd0d91cb78264,be2fcc6eae628351eb53439085f2b2b2a4a187d67ed8a98a7158df39e5a99163
ISBI2016_ISIC_Part3_Training_Data/ISIC_0000028.jpg,ISIC_0000028,benign,isic2016/benign/ISIC_0000028.bmp,91b99ac35d84dc065b1304f934ddae9b8a3e19f98f9ccaf07d0ef690d3306de0,9310771a0607d16fcce1e8f2cc4a7952829f35731dd00ae240b3f51c8c4a87f5
ISBI2016_ISIC_Part3_Training_Data/ISIC_0000032.jpg,ISIC_0000032,benign,isic2016/benign/ISIC_0000032.bmp,4eb49c205de9801ea39adedc0d84ee62e3ad44cd113faf9ee29c2b3a33ce51a2,c32f3019787e002b75008a807a4c9427059504e2b0f6490c8700b3bef76eab2a
ISBI2016_ISIC_Part3_Training_Data/ISIC_0000034.jpg,ISIC_0000034,benign,isic2016/benign/ISIC_0000034.bmp,abc60105e5f79815df7d21001ad1d1d32fa991f764c141c4667c2432238f6439,aac0192bf3b0d90902fb1cdbd44087969463da1786a40cbb699aa4df42b84f02
ISBI2016_ISIC_Part3_Training_Data/ISIC_0000038.jpg,ISIC_0000038,benign,isic2016/benign/ISIC_0000038.bmp,8658328291419a4a84da051527b23bc012504bf2bfba30aab42486d690367335,3034eb24d5e111e8d410a9ebd94e078ba3aa7b03db128338f9f40c11ff911bf3
ISBI2016_ISIC_Part3_Training_Data/ISIC_0000039.jpg,ISIC_0000039,benign,isic2016/benign/ISIC_0000039.bmp,bd4387fce0b3c9789e870d8d6c14b3beadd78aaeba99e0d8b230646d2e6308d1,af8ab3037c6fc0d1c1d288eebad8c374652190ef71814590359a77b792d9066b
ISBI2016_ISIC_Part3_Training_Data/ISIC_0000041.jpg,ISIC_0000041,benign,isic2016/benign/ISIC_0000041.bmp,391094c1beb3d2f36be662d23c4b79b61e96b0f2f75ad13b67b19fd7f59dca6f,5b884584d2481026965c37d4142ba13adb36b9ff8422def726e0e78d16127106
ISBI2016_ISIC_Part3_Training_Data/ISIC_0000042.jpg,ISIC_0000042,benign,isic2016/benign/ISIC_0000042.bmp,84d19bc66b310ade1ed75c03fc7cdf5a1fb4b4b843baab72931c9d7d96f4b829,64bf50306e9c0f63281f9aedc4a4de75c2315e0e9ead7134d381b2ad33ede0f8
ISBI2016_ISIC_Part3_Training_Data/ISIC_0000044.jpg,ISIC_0000044,benign,isic2016/benign/ISIC_0000044.bmp,1cf3d5905a9aa813b2363569c6393b1fd4afdd0f47dea255aa573dafb1211e1d,570bf1c42cb4b2f7af56ab49cc00db6453f2575b94697057ffbe542e2a6b23bf
ISBI2016_ISIC_Part3_Training_Data/ISIC_0000045.jpg,ISIC_0000045,benign,isic2016/benign/ISIC_0000045.bmp,85a0931b25dc38ba53a41caca2ac4ba61ca261912910ce3d4b3550f0fc315635,8dc8050d2a460c779d53e22df7854104012e186b1f701f25bccef579e4273712
ISBI2016_ISIC_Part3_Training_Data/ISIC_0000047.jpg,ISIC_0000047,benign,isic2016/benign/ISIC_0000047.bmp,31cc3b5fb77f6cf9df55af22c54c018375035a4c9d9100cadae8e85acd672e70,135885b2604537cf85bbff56389387e82ff468a8a32be65460f072039431d152
ISBI2016_ISIC_Part3_Training_Data/ISIC_0000048.jpg,ISIC_0000048,benign,isic2016/benign/ISIC_0000048.bmp,c941d418a9065076627ba841c67cd128eb62c0382b9fcac59a60efa56c267efb,76ed19c39d157504d6102dfe413a1bccec11850a290e7620a8bce91796ac4406
ISBI2016_ISIC_Part3_Training_Data/ISIC_0000050.jpg,ISIC_0000050,benign,isic2016/benign/ISIC_0000050.bmp,731bceb0bc06e03a6ffdd7b6f47a4d7b8f9c30709984fa382ccd39a2ad0a236c,e07bea7193c5f36c2f2cf1dbdf199a0fd8769ee58488f3c12f9496a53a069cf2
ISBI2016_ISIC_Part3_Training_Data/ISIC_0000051.jpg,ISIC_0000051,benign,isic2016/benign/ISIC_0000051.bmp,76df72cde7cd2f26d44624e896ac966c0dfe0bd41e0ba944d2fab644e7f44ccb,6202c6dc6d84cacbe4b99748d34b3d7153db867a37dedfd5a21fa1657c2a6afb
ISBI2016_ISIC_Part3_Training_Data/ISIC_0000055.jpg,ISIC_0000055,benign,isic2016/benign/ISIC_0000055.bmp,c3e2a724835dfa6b25ea95dfa92295882b393fbff3cec7ee7fa0b8928bae1204,50a63e205b48fce14625c338b88e9e73f1819ac409d705a9d25b59ae5d647b12
ISBI2016_ISIC_Part3_Training_Data/ISIC_0000058.jpg,ISIC_0000058,benign,isic2016/benign/ISIC_0000058.bmp,02c7ed8c8621c8da61dd674237039909db51bdc4333e00634f113ffd584a8608,f9f5e0e16b838d5aac74dfecd699bd5eaf83225bd2e2e21235e7f921897ebbaf
ISBI2016_ISIC_Part3_Training_Data/ISIC_0000059.jpg,ISIC_0000059,benign,isic2016/benign/ISIC_0000059.bmp,659f8fb2865486b64187345d0f9d523ed09eb24362b34555258d0d4c561d8fd2,6002bc4102628d95f5cb500b11f041309881e51cb1f76252a237367253a8c7f9
ISBI2016_ISIC_Part3_Training_Data/ISIC_0000060.jpg,ISIC_0000060,benign,isic2016/benign/ISIC_0000060.bmp,626abe14fdc231c7efe5e0b957cc60ae332fda9adaa68fe06f4c611bf714e2ef,a382911982164a9a53f737e149ab944ae8d41f699a84b3709022310af5663ef0
ISBI2016_ISIC_Part3_Training_Data/ISIC_0000061.jpg,ISIC_0000061,benign,isic2016/benign/ISIC_0000061.bmp,f90c9cabf363df08e66f82b8adb9a3c4fce5867bbc56763ff95f0c4145fbf35c,ed61573158adfbf070787d7496a593a2b39b21b6962a55ebd7354ec915ff8f26
ISBI2016_ISIC_Part3_Training_Data/ISIC_0000062.jpg,ISIC_0000062,benign,isic2016/benign/ISIC_0000062.bmp,8fbfc512889d9a0df61169dc9176bb3fd611c3274a06dec9ea7a22b94e6f03d7,94ede9767f2629153dbaeffc42c394994c9f7bf1816c25884e41fa6283d5bf89
ISBI2016_ISIC_Part3_Training_Data/ISIC_0000063.jpg,ISIC_0000063,benign,isic2016/benign/ISIC_0000063.bmp,3662901ca84db18ef9bdee508e594caf0020a14d5f553a4667d639c840a1d1ba,9bc99a2bea69d6ef0f18190a56b52a519a19856329cb299ad066a323ea5b1fe5
ISBI2016_ISIC_Part3_Training_Data/ISIC_0000065.jpg,ISIC_0000065,benign,isic2016/benign/ISIC_0000065.bmp,106af7e827e360b4fca04e1e05298225183c51f74db3cdb3c1c99a8de9b2752b,f6f13e6043ed18cd1d97dbf46a2cd979999ca7ced7b9d4497f6f56cb310c4465
ISBI2016_ISIC_Part3_Training_Data/ISIC_0000067.jpg,ISIC_0000067,benign,isic2016/benign/ISIC_0000067.bmp,5e72117190f2f03ccc366630d9ba72fd159f5077496d972179561b27f1ce5baf,5d57b3c46ad5b50cee09f6d31b42aea8dd111d3825eb45ffd20b4234a1828f61
ISBI2016_ISIC_Part3_Training_Data/ISIC_0000068.jpg,ISIC_0000068,benign,isic2016/benign/ISIC_0000068.bmp,842585542c59d7d88dd45574004b298de24ab917484dd4e47ee986046519acc9,49505f0b9f1e9f6a14d653bb4956610977d3fb3df320ea0488d1434047230e41
ISBI2016_ISIC_Part3_Training_Data/ISIC_0000073.jpg,ISIC_0000073,benign,isic2016/benign/ISIC_0000073.bmp,6ef968cb1a0ab6a8f9461ba2ab608b44ca868293e37487f85fd7cf5e96cda26b,e9660f1bd93fc26838162d0c4816a4f4a1a1e0bda41bea16064ff726737b4429
ISBI2016_ISIC_Part3_Training_Data/ISIC_0000075.jpg,ISIC_0000075,benign,isic2016/benign/ISIC_0000075.bmp,f587900dc609a5d11733a1cd1a7c752fc8d1356831ddc41c53c4255271d0373a,05f4cd338bc9764edda403c266ad055f1b27dc45dda4b611dc51e3b6c4a49f1a
ISBI2016_ISIC_Part3_Training_Data/ISIC_0000077.jpg,ISIC_0000077,benign,isic2016/benign/ISIC_0000077.bmp,236071e3ccf8ba889cb6f3278099f935779319a64fb5fd4e5a2414e095dabf49,bc99d8555bc0b40f33305a193b2c17006bab3732bab527bb27df7137996cb500
ISBI2016_ISIC_Part3_Training_Data/ISIC_0000079.jpg,ISIC_0000079,benign,isic2016/benign/ISIC_0000079.bmp,73b478fc1d67950131259f4ffa0f67a7da71b0661e7487c1e7dbc9ca8e7b669e,3a9d99f4195b82a89f4776873db30598b29ba57c3676e2b7fbdaf0dfb18033f2
ISBI2016_ISIC_Part3_Training_Data/ISIC_0000080.jpg,ISIC_0000080,benign,isic2016/benign/ISIC_0000080.bmp,005114d72ba4e40463e205d787de62f63785b19dfc111bf5e335fc8fb9f7a59e,1d6ef316ffa3190400558201c843d3d51f56669b88a5542c8aa137ed4cc4e8e4
ISBI2016_ISIC_Part3_Training_Data/ISIC_0000081.jpg,ISIC_0000081,benign,isic2016/benign/ISIC_0000081.bmp,179b4dda76403c680254fd33e6b7abe083012477e43d9b39db7a0ba480e8e8c4,c6cad796f625a257be80fa8f283cf4bc101d9494ec66516a9e420ca4464cb64d
ISBI2016_ISIC_Part3_Training_Data/ISIC_0000082.jpg,ISIC_0000082,benign,isic2016/benign/ISIC_0000082.bmp,e043c52a59875d44ad0dd017aac7934a24c74e52fa93b343d2ebcf8c9eb27887,86dc195e8befa9ea0eacd023fad98933b0978387ca13cd39b527561fefe35bb8
ISBI2016_ISIC_Part3_Training_Data/ISIC_0000085.jpg,ISIC_0000085,benign,isic2016/benign/ISIC_0000085.bmp,11de70fcff461eb7d9699901c0aa7bdd1052a81f5c896a7b81f1b50dc0e0b2f1,b3315e3e25e75380b350a70f534e5d9428ce0997357f8f2cb0ad9e2cebb7dc61
ISBI2016_ISIC_Part3_Training_Data/ISIC_0000086.jpg,ISIC_0000086,benign,isic2016/benign/ISIC_0000086.bmp,d37fe4b581ce714fa0ab1064cb46a2ce9072f2d5da12d9183b7f5f8e73855b98,4850893b9b4c86f6b12d69d2a8c88dae0c10757e8302ef913d89f06d8581854a
ISBI2016_ISIC_Part3_Training_Data/ISIC_0000087.jpg,ISIC_0000087,benign,isic2016/benign/ISIC_0000087.bmp,719aa11981c92eda25c0506fa195d0a81c1c4a85feb1dfb24c2927b0d12efeaa,4960a7eeba99c8c3f489e3740e70ed80b6a9962978d241dcc2816ae2071ae377
ISBI2016_ISIC_Part3_Training_Data/ISIC_0000089.jpg,ISIC_0000089,benign,isic2016/benign/ISIC_0000089.bmp,05703d20ae15795081e7c48f067c78b778d68c0e721bc97d5fb9b4e655db03c6,95e91721a2a175c2d316df687f433f93a906997e8070c9340e0c18d7482378e6
ISBI2016_ISIC_Part3_Training_Data/ISIC_0000091.jpg,ISIC_0000091,benign,isic2016/benign/ISIC_0000091.bmp,a89e918c7455aeecc33ee2b51c48edf998c33b498186864befae7ac13e8fd5b0,b308c823c067c9ca184d35a4c5e433f0767f83e04706a9f990d3ea92bd47c8c7
ISBI2016_ISIC_Part3_Training_Data/ISIC_0000002.jpg,ISIC_0000002,malignant,isic2016/malignant/ISIC_0000002.bmp,f5639d4c52597d0bf5cfa7db3b0f1ecadf9dde42744919eaa7a7679f953fb8e7,a387818b0afe074342853c43efe4fc97357c5b4ed3fc60934afa1953fd32be27
ISBI2016_ISIC_Part3_Training_Data/ISIC_0000004.jpg,ISIC_0000004,malignant,isic2016/malignant/ISIC_0000004.bmp,036678938dc7da0eecff14e3fe8f647e353060ac08e05226bf7e1d9433fed090,9f2e6bf4dc4123e1bb6cd0c709eedd13e588efaa3d7781159e103dcf0698a46d
ISBI2016_ISIC_Part3_Training_Data/ISIC_0000026.jpg,ISIC_0000026,malignant,isic2016/malignant/ISIC_0000026.bmp,d1ab6c3acb7f1073370d63c2b8016e669502b7b0068be0b1f9deda90f17c0a0f,50e775e1f845ef23e51ada9560b7350407a5bc5d8440c0e10c298581eac860ae
ISBI2016_ISIC_Part3_Training_Data/ISIC_0000029.jpg,ISIC_0000029,malignant,isic2016/malignant/ISIC_0000029.bmp,e38fa5a792f7ef56f1e0a2ebd3df7f087b245c261b72d1bc5e960471433a1dc4,c5df0bab19d342bbe7d09e769d70c07ff3753239554ee3de896d1b00a7fe8cd9
ISBI2016_ISIC_Part3_Training_Data/ISIC_0000030.jpg,ISIC_0000030,malignant,isic2016/malignant/ISIC_0000030.bmp,5f14f28fb3b237ddb7b41ba76d647c56e44c336f3357a352b75e8eed66656d06,68abfb2b761373f3db98067bdd6101092c4b9df90cf98526128117c61a063866
ISBI2016_ISIC_Part3_Training_Data/ISIC_0000031.jpg,ISIC_0000031,malignant,isic2016/malignant/ISIC_0000031.bmp,b9163c2ffcdb267bf325b2515a69722a9c1fb717c7384e82a50aa791bc35664c,c9ad89091e6b79961525dd7e9bd39867212be2abb5612c4019e7e2e72a07df38
ISBI2016_ISIC_Part3_Training_Data/ISIC_0000035.jpg,ISIC_0000035,malignant,isic2016/malignant/ISIC_0000035.bmp,0f0d9005e1e535c17f87958c99fd79db50d06cb18e2cb80d47822dabae0e5096,8b2dc63c61ddc4975787a75fd82b7857806f5a2c0dd69f78e2cb6580390eba5f
ISBI2016_ISIC_Part3_Training_Data/ISIC_0000046.jpg,ISIC_0000046,malignant,isic2016/malignant/ISIC_0000046.bmp,6c9bb3bbee5656ff8419e2a72fc94dac8dcfa01cd78f3c86af7636f499c5c6ed,c35da701948a5e439fe417b7576b5a19ababd8fb051f1a0a534baf8d081304f6
ISBI2016_ISIC_Part3_Training_Data/ISIC_0000049.jpg,ISIC_0000049,malignant,isic2016/malignant/ISIC_0000049.bmp,9263713e88ac96d6f1507622e7f2e6cb9bac434629e51f541f576907b148f5ac,d9db24dabd6aa2eba6fd3a2d0fab2cc412582e10804ce0b67965b52841b70aec
ISBI2016_ISIC_Part3_Training_Data/ISIC_0000054.jpg,ISIC_0000054,malignant,isic2016/malignant/ISIC_0000054.bmp,d1f43e4fc93f76e2dfeb52cc9ffd3c00cffd2629dd3b42ad5c788b87877186d3,9a5659fb7ecf443f2440b7644e8cf86938c1672a8b76823cb27ab685719caeb5
ISBI2016_ISIC_Part3_Training_Data/ISIC_0000074.jpg,ISIC_0000074,malignant,isic2016/malignant/ISIC_0000074.bmp,744c6a4f5986888327f3e6e321d32cd048a95f20865c928b534155722fb9b6b1,0b64752e019bc1a9aa6f692c1cf5691b3f0c25bf7dc577554941b28cbafa60b2
ISBI2016_ISIC_Part3_Training_Data/ISIC_0000078.jpg,ISIC_0000078,malignant,isic2016/malignant/ISIC_0000078.bmp,942b7e2e01c8034ec8e39393c334c6f396898900d100b65d6ef6c1b1246dcf6f,c0479c4661b3bdd703e68326418bd0052c6c7f802bcb1fddd5688d3f2ffa24d8
ISBI2016_ISIC_Part3_Training_Data/ISIC_0000139.jpg,ISIC_0000139,malignant,isic2016/malignant/ISIC_0000139.bmp,88945463860b42b5d6de7142e5aa53b0e14ed99b7e49465acf21d40a973dc82b,afba93c8e7a2332c60dcdbca4bcacf53d6a0ae54f8cf368939200f1e9caa7c37
ISBI2016_ISIC_Part3_Training_Data/ISIC_0000140.jpg,ISIC_0000140,malignant,isic2016/malignant/ISIC_0000140.bmp,afc2f33c755e289c2b901a68b630f6c7d0c1fe61e9fd2ffbaff1245e30333fe5,c45099ba3f52736c87faee9132fdc990dc265ec40003e5670945ff2e1f885028
ISBI2016_ISIC_Part3_Training_Data/ISIC_0000142.jpg,ISIC_0000142,malignant,isic2016/malignant/ISIC_0000142.bmp,fbb4a274a88e3ebe8bfd1277c12fa012889b4a61863074335c4e67f7fa4582aa,23d77d38ca843259fbda2ca00036a21c04333b788fabda059e47da96297de85a
ISBI2016_ISIC_Part3_Training_Data/ISIC_0000143.jpg,ISIC_0000143,malignant,isic2016/malignant/ISIC_0000143.bmp,4b46ac290a11854c2299e5fb0d8105364eaf277b1405a76776aef30c0d4d19d1,c2cee7a7c75454685d0dcff430be438aef67cec5fce85f31bfdd567c9c3b6c46
ISBI2016_ISIC_Part3_Training_Data/ISIC_0000145.jpg,ISIC_0000145,malignant,isic2016/malignant/ISIC_0000145.bmp,dd1e7073142c32f9eb94124da6d61fde9647458b89738bd9bf5a07bb44ec48ca,364f997b417a384445c5b5bc2d123364d16b6c1de7c6db6d591f2c251ffbe94c
ISBI2016_ISIC_Part3_Training_Data/ISIC_0000146.jpg,ISIC_0000146,malignant,isic2016/malignant/ISIC_0000146.bmp,ef89781a43907fcb6c23ae427a71f1f816a1ff4f7b1143becea63eda4e8deaeb,f827a259341f8d796c1b6bf682c4115bbfab4104d2a516e69f03de68fab56c3f
ISBI2016_ISIC_Part3_Training_Data/ISIC_0000147.jpg,ISIC_0000147,malignant,isic2016/malignant/ISIC_0000147.bmp,4cdd6c15a033760ae4110d3cc9e51479395dde0609a42790237f328aef749a57,0f7b0fbf86ea149640a3f8993109c0da69ffc68303799b6aa580078b6cc2fc5b
ISBI2016_ISIC_Part3_Training_Data/ISIC_0000148.jpg,ISIC_0000148,malignant,isic2016/malignant/ISIC_0000148.bmp,b597a35074417e439d6197ca3edb2178dddaa3a44d59525669a7295a1ca133da,c88b2b201f137281919904e41f78f2e70c076bd301845fd16d2cc66dc1fb6482
ISBI2016_ISIC_Part3_Training_Data/ISIC_0000150.jpg,ISIC_0000150,malignant,isic2016/malignant/ISIC_0000150.bmp,71d5cecf55aa5629c575c43a2d80cbcad9eddf60901c2c2039c82b2dd1fe02bf,6b77e53d989947c58adaeea3bf7faf730a5978b6679fe6af68ce84d3101064e9
ISBI2016_ISIC_Part3_Training_Data/ISIC_0000151.jpg,ISIC_0000151,malignant,isic2016/malignant/ISIC_0000151.bmp,f21531685fe56e390d8c1ef765222f3f192d5fb939b4d81f7dc3bd3806d096c3,5bdf6ea59aed8aeaa20c0bd51861ba857d922149038d3e9007198f16e8773b91
ISBI2016_ISIC_Part3_Training_Data/ISIC_0000152.jpg,ISIC_0000152,malignant,isic2016/malignant/ISIC_0000152.bmp,32da3e97b3b30d6edf9e40fed9e48076569154362865da5bda8a87c6d95de7bb,ae89a2be32cf50a448b0cd09f45001e92c54f4bde2ace71469057e8bc23e9d93
ISBI2016_ISIC_Part3_Training_Data/ISIC_0000153.jpg,ISIC_0000153,malignant,isic2016/malignant/ISIC_0000153.bmp,9a98b340ec5654988855a9779449defa2c2ec05c71359be71dfa8f802542df17,f04bf29b78dd02d7e0b1d1bc13bb6fb98b988443bbee10bb481033b49b151dcf
ISBI2016_ISIC_Part3_Training_Data/ISIC_0000154.jpg,ISIC_0000154,malignant,isic2016/malignant/ISIC_0000154.bmp,2c3edf10057ffd2f310089868b1a81bde2283f1d43292abe4e453cf843285f7a,9e3e17b68bd000316aef62ce01b74fb8c97a7369d949bb575d28e62bc28ba9ef
ISBI2016_ISIC_Part3_Training_Data/ISIC_0000155.jpg,ISIC_0000155,malignant,isic2016/malignant/ISIC_0000155.bmp,4168e8168886b8ea87696ea4d1636963e423463765c6c044e1fad03728d51fcd,375b71190034604543809830eabcd6f78b505b0592852e8b76a861b5cb2b61b6
ISBI2016_ISIC_Part3_Training_Data/ISIC_0000156.jpg,ISIC_0000156,malignant,isic2016/malignant/ISIC_0000156.bmp,0635ee6b6b5167ba614a985a6c6f9d0a6bd4bccc349d4972af282d94b6b4b45b,36f74c8ace645e596e774f6b79967d2550f3dbda0e5f1e30ab7df05049cee7e4
ISBI2016_ISIC_Part3_Training_Data/ISIC_0000157.jpg,ISIC_0000157,malignant,isic2016/malignant/ISIC_0000157.bmp,6e371260fd9a7aed6cb5f41e573082dc3ba6b8ead80a1ba9464f41589588cd89,3803f84791b80583cf8a396d27d07f4107ccb318cca7da95c9568ef06af49318
ISBI2016_ISIC_Part3_Training_Data/ISIC_0000159.jpg,ISIC_0000159,malignant,isic2016/malignant/ISIC_0000159.bmp,9db233afe7f71c6dd431acf1994c4d56c4ac5687d8740be7d1810f4eb3db34b6,d04de44d2aa80f5bd5bf2d876888e3a43806ec24e928f554908a1169993afff5
ISBI2016_ISIC_Part3_Training_Data/ISIC_0000162.jpg,ISIC_0000162,malignant,isic2016/malignant/ISIC_0000162.bmp,405bcc60c78d896ee182f117b7ac7eadb1a4f0b950975976602cd45fcab7123d,71e4a232c582e45416584395f3f80f602b0ed4ba3dc52b1ca62ec635a01f6d77
ISBI2016_ISIC_Part3_Training_Data/ISIC_0000163.jpg,ISIC_0000163,malignant,isic2016/malignant/ISIC_0000163.bmp,cc397b0b015cf0ac5f32df560467c993fed9fd32390326488cab704850b7c10e,872c1b0f6c97ca57f82a32b7ff0ec3a7dde0f822ca2a5ff85281e24c8d98199f
ISBI2016_ISIC_Part3_Training_Data/ISIC_0000166.jpg,ISIC_0000166,malignant,isic2016/malignant/ISIC_0000166.bmp,d3e38c6790c5dc7c91d2371e972de07e12d8784aa44a220b8e331d657a555dc7,ea5be8bb3b7c13b175c95e8e5e354b7f075d240e6935bffd966ac856a095a01f
ISBI2016_ISIC_Part3_Training_Data/ISIC_0000167.jpg,ISIC_0000167,malignant,isic2016/malignant/ISIC_0000167.bmp,322d7fa625f1ce0d997816371f60bcaf3001b41ce5f2fcbc2124b750a032c823,0b37fcc576ff182c463bb3c3127333020b15cfa4a4609407ad7709bbb4e8aee0
ISBI2016_ISIC_Part3_Training_Data/ISIC_0000170.jpg,ISIC_0000170,malignant,isic2016/malignant/ISIC_0000170.bmp,b4324326d9ec69b795a4a630118ef594d588e2ab4fa793cffbc62f72fbbf955d,04d0441e87695cffb8bf12e24142a3f2f7a45e090891cf4c158baa58ad98f997
ISBI2016_ISIC_Part3_Training_Data/ISIC_0000171.jpg,ISIC_0000171,malignant,isic2016/malignant/ISIC_0000171.bmp,7fc00970db001f43f04c81aaf3790a7abf4dc9f4fee349270dfce0eacba20a3a,e00405bfb913ef139a8334787123d23cd9ff2ab159d8461965b642b22f779b23
ISBI2016_ISIC_Part3_Training_Data/ISIC_0000173.jpg,ISIC_0000173,malignant,isic2016/malignant/ISIC_0000173.bmp,a637f8dd37f64e544d2d801ae3eeef521ee09c7ecc2d5f1a51c236913c6e2ba1,08cc3cac3c873673f35627762e2782f1a7bd96b10aca204cbaa31b9ad649595a
ISBI2016_ISIC_Part3_Training_Data/ISIC_0000175.jpg,ISIC_0000175,malignant,isic2016/malignant/ISIC_0000175.bmp,6596157617d012d21a870e4f1a54a245375dc30a6d6648e40244760f0cd556d6,8116edfdb4a4160246754b33265426cc3bacb846b3c1147ee17c11a25bf8de47
ISBI2016_ISIC_Part3_Training_Data/ISIC_0000176.jpg,ISIC_0000176,malignant,isic2016/malignant/ISIC_0000176.bmp,69ebeb24076c071466637e8dd2cc97fcc0729b855648946e47b925b666b834bd,3a0b5a3313acd9a6624cec9ff6a47fa2af9c4cbc2a6016c22ee22092936e2326
ISBI2016_ISIC_Part3_Training_Data/ISIC_0000276.jpg,ISIC_0000276,malignant,isic2016/malignant/ISIC_0000276.bmp,27f172264193a832728cd8f8a04c46ba334102259b5526f88eb52413ce2b6cc6,1d38ead10e60b05e0189ef912370efc568297b5143388aea0272ace9dc4384e3
ISBI2016_ISIC_Part3_Training_Data/ISIC_0000277.jpg,ISIC_0000277,malignant,isic2016/malignant/ISIC_0000277.bmp,40fb8ebeb91c0159567c922049aa8c1269d40fbcc895ac0883c85b3aa7380c6c,d916698ee7283d8aadd3ce05c02f7a3069e22e3f3a1d34702482fde65491b47a
ISBI2016_ISIC_Part3_Training_Data/ISIC_0000278.jpg,ISIC_0000278,malignant,isic2016/malignant/ISIC_0000278.bmp,e8ea322e1188e00fe9aac213e44831b80552d92d1ce313dd5f1859a0de2d485e,c91b6eff6fa0bff9ecb6c398bd0a2332ddc4b763f3b383a8b3eb7e913a638eac
ISBI2016_ISIC_Part3_Training_Data/ISIC_0000280.jpg,ISIC_0000280,malignant,isic2016/malignant/ISIC_0000280.bmp,7339dae09086b219fd7d330f133aabbe936e5703b511aa55c472a0550f8b71de,930e360c28c52a40c48b6da36a0aaf9b1f7981a3d7d6cb144563f647714795a5
ISBI2016_ISIC_Part3_Training_Data/ISIC_0000281.jpg,ISIC_0000281,malignant,isic2016/malignant/ISIC_0000281.bmp,ba7a0b389c10fd38345643947f084fe6020f2c254d7973682b8a202db6552d8c,e3547475ad76ee78a118b0a75dabdf5d3464afb7d302a8bfdf24914952405ed9
ISBI2016_ISIC_Part3_Training_Data/ISIC_0000282.jpg,ISIC_0000282,malignant,isic2016/malignant/ISIC_0000282.bmp,d04965ed6302037b5e266e7ac8f6325ac2692e4d07172c168fd79d3bd6f034b0,8d0b52b195e863e4b04a26bb933b6590cfbe631c45ffc907f8b01ded5df95d82
ISBI2016_ISIC_Part3_Training_Data/ISIC_0000283.jpg,ISIC_0000283,malignant,isic2016/malignant/ISIC_0000283.bmp,146a09834827a5f571449144827ebb639deb5ee9f68371c41a45b536f41499fc,9718bd49324a35ad9de5323fb782c81cd8c4a0dadf488c1ca5c919830087b1bb
ISBI2016_ISIC_Part3_Training_Data/ISIC_0000285.jpg,ISIC_0000285,malignant,isic2016/malignant/ISIC_0000285.bmp,74dd66a6a7fbff72cbb22dbfaf76dd4cc82b8ed703570be385a99c85ab383211,7a3bf4a31582b8efb24072554b1bd661c2222fabe4add8a77ff8a8afb8e1e2cc
ISBI2016_ISIC_Part3_Training_Data/ISIC_0000288.jpg,ISIC_0000288,malignant,isic2016/malignant/ISIC_0000288.bmp,8e58f616d93ce3e4995b6188ed637122fb7b60d76cae7bd7b923898a05dbd2fc,070c57fd16cf56f81907eeb6f613111a6f070ea5eaf1d0e3549dd79a1fb71dd5
ISBI2016_ISIC_Part3_Training_Data/ISIC_0000290.jpg,ISIC_0000290,malignant,isic2016/malignant/ISIC_0000290.bmp,92210c5b406d2b2b7118af98b7ea56b801aacfb4373aa412be97abc34dc7bdd0,af5db32ffaefee7f5b721f1c9ce1da2986cddd23b971cd136c5dd38b7f3d15bc
ISBI2016_ISIC_Part3_Training_Data/ISIC_0000292.jpg,ISIC_0000292,malignant,isic2016/malignant/ISIC_0000292.bmp,2ffd4622e790158c3bfd61b1f50ac288d6d6f403f6732252cce83535b4ae355e,91d685d3c367b56df3591351f3931f56c924dd0ce7053a82ab09af7176253ee8
ISBI2016_ISIC_Part3_Training_Data/ISIC_0000293.jpg,ISIC_0000293,malignant,isic2016/malignant/ISIC_0000293.bmp,8794a8e9d8f0f0ba648583ee3d19e1f324c714f96a0ff56287f63cf3c43f3d02,10f2de1fcaba2f65aff38978ca560d29361e5b96286c79964ac1415aeaa4e84b
ISBI2016_ISIC_Part3_Training_Data/ISIC_0000294.jpg,ISIC_0000294,malignant,isic2016/malignant/ISIC_0000294.bmp,6f07cb5d0d5af575acac0f9b8e2a38137f301a74c101ca61f09911a0df3220d9,758cd03445a61ea892aea4a253914298fabca942216ff43dd0cb4f4c1d3b63c1
ISBI2016_ISIC_Part3_Training_Data/ISIC_0000295.jpg,ISIC_0000295,malignant,isic2016/malignant/ISIC_0000295.bmp,37dcd21622fc65c1a185483a34cacda0b1580faacc82532462968fafe6ce3633,9272b30034fe8359228424c2e045712e24eebda6a077b31e6423675a4f0dcb38
